slug,name,positions,age,team,games_played,games_started,minutes_played,made_field_goals,attempted_field_goals,made_three_point_field_goals,attempted_three_point_field_goals,made_free_throws,attempted_free_throws,offensive_rebounds,defensive_rebounds,assists,steals,blocks,turnovers,personal_fouls,points
achiupr01,Precious Achiuwa,POWER FORWARD,21,MIAMI HEAT,61,4,737,124,228,0,1,56,110,73,135,29,20,28,43,91,304
adamsja01,Jaylen Adams,POINT GUARD,24,MILWAUKEE BUCKS,7,0,18,1,8,0,2,0,0,0,3,2,0,0,0,1,2
adamsst01,Steven Adams,CENTER,27,NEW ORLEANS PELICANS,58,58,1605,189,308,0,3,60,135,213,301,111,54,38,78,113,438
adebaba01,Bam Adebayo,CENTER,23,MIAMI HEAT,64,64,2143,456,800,2,8,283,354,142,431,346,75,66,169,145,1197
aldrila01,LaMarcus Aldridge,CENTER,35,SAN ANTONIO SPURS,21,18,544,115,248,27,75,31,37,17,77,36,8,18,20,36,288
aldrila01,LaMarcus Aldridge,CENTER,35,BROOKLYN NETS,5,5,130,25,48,4,5,10,10,2,22,13,3,11,7,11,64
alexaty01,Ty-Shon Alexander,SHOOTING GUARD,22,PHOENIX SUNS,15,0,47,3,12,2,9,1,2,2,8,6,0,1,3,2,9
alexani01,Nickeil Alexander-Walker,SHOOTING GUARD,22,NEW ORLEANS PELICANS,46,13,1007,192,458,76,219,48,66,13,131,102,47,22,69,88,508
allengr01,Grayson Allen,SHOOTING GUARD,25,MEMPHIS GRIZZLIES,50,38,1259,173,414,107,274,79,91,19,141,108,46,8,48,71,532
allenja01,Jarrett Allen,CENTER,22,BROOKLYN NETS,12,5,320,44,65,0,0,46,61,38,87,20,7,19,22,21,134
allenja01,Jarrett Allen,CENTER,22,CLEVELAND CAVALIERS,51,40,1544,254,417,6,19,158,229,158,348,86,25,71,78,75,672
aminual01,Al-Farouq Aminu,POWER FORWARD,30,ORLANDO MAGIC,17,14,367,36,89,7,31,14,17,20,71,29,17,9,25,22,93
aminual01,Al-Farouq Aminu,POWER FORWARD,30,CHICAGO BULLS,6,0,67,2,10,1,6,4,5,2,17,2,2,0,3,7,9
anderky01,Kyle Anderson,POWER FORWARD,27,MEMPHIS GRIZZLIES,69,69,1887,308,658,94,261,144,184,52,344,250,84,57,86,120,854
antetgi01,Giannis Antetokounmpo,POWER FORWARD,26,MILWAUKEE BUCKS,61,61,2013,626,1100,67,221,398,581,97,574,357,72,73,207,168,1717
antetko01,Kostas Antetokounmpo,POWER FORWARD,23,LOS ANGELES LAKERS,15,0,56,3,10,0,0,6,13,4,15,1,2,4,11,8,12
antetth01,Thanasis Antetokounmpo,SMALL FORWARD,28,MILWAUKEE BUCKS,57,3,551,67,137,7,29,25,49,54,70,46,22,10,43,74,166
anthoca01,Carmelo Anthony,POWER FORWARD,36,PORTLAND TRAIL BLAZERS,69,3,1690,327,777,133,325,137,154,32,182,104,46,38,61,144,924
anthoco01,Cole Anthony,POINT GUARD,20,ORLANDO MAGIC,47,34,1273,219,552,58,172,109,131,38,183,192,30,18,106,98,605
anunoog01,OG Anunoby,SMALL FORWARD,23,TORONTO RAPTORS,43,43,1433,249,519,104,261,80,102,54,183,94,66,32,75,114,682
arcidry01,Ryan Arcidiacono,POINT GUARD,26,CHICAGO BULLS,44,0,450,49,117,25,67,13,20,5,62,56,9,0,10,47,136
arizatr01,Trevor Ariza,SMALL FORWARD,35,MIAMI HEAT,30,27,841,99,241,50,143,34,44,27,117,55,31,18,21,55,282
augusdj01,D.J. Augustin,POINT GUARD,33,MILWAUKEE BUCKS,37,6,713,71,192,49,129,36,40,11,39,110,20,1,34,33,227
augusdj01,D.J. Augustin,POINT GUARD,33,HOUSTON ROCKETS,20,6,416,64,151,34,88,49,54,9,35,78,8,0,31,23,211
avdijde01,Deni Avdija,SMALL FORWARD,20,WASHINGTON WIZARDS,54,32,1257,130,312,53,168,29,45,22,240,63,32,15,33,140,342
aytonde01,Deandre Ayton,CENTER,22,PHOENIX SUNS,69,69,2115,430,687,4,20,133,173,228,499,99,41,81,103,196,997
azubuud01,Udoka Azubuike,CENTER,21,UTAH JAZZ,15,0,57,4,9,0,0,8,10,4,9,0,1,4,3,9,16
bacondw01,Dwayne Bacon,SHOOTING GUARD,25,ORLANDO MAGIC,72,50,1853,292,726,59,207,145,176,31,193,93,45,5,46,103,788
baglema01,Marvin Bagley III,POWER FORWARD,21,SACRAMENTO KINGS,43,42,1112,247,490,37,108,77,134,106,212,43,21,21,59,100,608
ballla01,LaMelo Ball,POINT GUARD,19,CHARLOTTE HORNETS,51,31,1469,293,672,92,261,125,165,63,239,313,81,18,145,136,803
balllo01,Lonzo Ball,POINT GUARD,23,NEW ORLEANS PELICANS,55,55,1747,290,700,172,455,50,64,33,230,316,82,31,123,103,802
bambamo01,Mo Bamba,CENTER,22,ORLANDO MAGIC,46,5,725,142,301,38,118,45,66,76,189,35,14,58,36,87,367
banede01,Desmond Bane,SHOOTING GUARD,22,MEMPHIS GRIZZLIES,68,17,1519,234,499,117,271,40,49,31,179,118,41,16,59,125,625
barneha02,Harrison Barnes,POWER FORWARD,28,SACRAMENTO KINGS,58,58,2102,319,642,100,256,195,235,64,321,201,43,11,93,75,933
barrerj01,RJ Barrett,SHOOTING GUARD,20,NEW YORK KNICKS,72,72,2511,467,1060,124,309,206,276,68,346,217,53,20,139,188,1264
bartowi01,Will Barton,SMALL FORWARD,30,DENVER NUGGETS,56,52,1736,259,608,98,257,95,121,39,187,181,50,23,96,95,711
bateske01,Keita Bates-Diop,SMALL FORWARD,25,SAN ANTONIO SPURS,30,0,245,30,67,5,17,14,21,9,40,12,11,5,7,11,79
batumni01,Nicolas Batum,SMALL FORWARD,32,LOS ANGELES CLIPPERS,67,38,1835,191,412,110,272,48,58,50,266,148,69,37,53,102,540
baynear01,Aron Baynes,CENTER,34,TORONTO RAPTORS,53,31,980,134,304,27,103,29,41,87,186,47,17,23,46,119,324
bazemke01,Kent Bazemore,SMALL FORWARD,31,GOLDEN STATE WARRIORS,67,18,1333,176,392,75,184,54,78,26,203,108,69,33,82,158,481
bazleda01,Darius Bazley,POWER FORWARD,20,OKLAHOMA CITY THUNDER,55,55,1714,273,690,83,286,125,178,51,345,99,29,25,122,60,754
bealbr01,Bradley Beal,SHOOTING GUARD,27,WASHINGTON WIZARDS,60,60,2147,670,1382,130,373,408,459,72,211,265,69,22,187,140,1878
beaslma01,Malik Beasley,SHOOTING GUARD,24,MINNESOTA TIMBERWOLVES,37,36,1214,264,600,128,321,68,80,28,134,88,30,7,60,62,724
belljo01,Jordan Bell,CENTER,26,WASHINGTON WIZARDS,5,1,67,7,20,0,2,0,0,6,13,5,3,3,3,5,14
belljo01,Jordan Bell,CENTER,26,GOLDEN STATE WARRIORS,1,0,15,0,2,0,0,1,2,1,4,2,0,2,1,2,1
bembrde01,DeAndre' Bembry,SMALL FORWARD,26,TORONTO RAPTORS,51,12,972,117,228,14,53,45,66,33,113,107,53,18,71,87,293
bertada01,Dāvis Bertāns,POWER FORWARD,28,WASHINGTON WIZARDS,57,7,1464,193,478,169,428,100,115,18,150,49,33,13,33,136,655
beverpa01,Patrick Beverley,POINT GUARD,32,LOS ANGELES CLIPPERS,37,34,832,93,220,56,141,36,45,29,90,76,29,28,34,108,278
beysa01,Saddiq Bey,SMALL FORWARD,21,DETROIT PISTONS,70,53,1909,279,691,175,460,124,147,43,275,95,52,14,60,110,857
beyty01,Tyler Bey,SMALL FORWARD,22,DALLAS MAVERICKS,18,0,71,7,22,1,4,3,5,8,11,3,0,1,3,6,18
birchkh01,Khem Birch,CENTER,28,ORLANDO MAGIC,48,5,952,94,209,4,21,63,85,117,126,53,32,28,23,67,255
birchkh01,Khem Birch,CENTER,28,TORONTO RAPTORS,19,17,577,95,171,9,31,28,44,57,87,36,16,22,21,46,227
bitadgo01,Goga Bitadze,CENTER,21,INDIANA PACERS,45,3,561,83,194,20,79,45,61,60,90,37,9,60,17,94,231
biyombi01,Bismack Biyombo,CENTER,28,CHARLOTTE HORNETS,66,36,1349,142,242,0,1,47,105,137,210,81,17,74,71,141,331
bjeline01,Nemanja Bjelica,POWER FORWARD,32,SACRAMENTO KINGS,26,1,439,69,150,17,58,32,42,24,76,49,8,2,28,48,187
bjeline01,Nemanja Bjelica,POWER FORWARD,32,MIAMI HEAT,11,2,156,20,46,10,27,5,9,5,22,20,7,3,5,20,55
bledser01,Eric Bledsoe,SHOOTING GUARD,31,NEW ORLEANS PELICANS,71,70,2111,307,730,121,355,134,195,29,215,268,55,24,114,112,869
blevike01,Keljin Blevins,SMALL FORWARD,25,PORTLAND TRAIL BLAZERS,17,0,75,5,20,2,8,0,0,3,7,4,2,0,5,8,12
bogdabo01,Bogdan Bogdanović,SHOOTING GUARD,28,ATLANTA HAWKS,44,27,1305,267,565,146,333,40,44,20,140,147,49,13,54,99,720
bogdabo02,Bojan Bogdanović,SMALL FORWARD,31,UTAH JAZZ,72,72,2216,406,925,180,461,233,265,40,241,136,45,4,128,115,1225
bolbo01,Bol Bol,POWER FORWARD,21,DENVER NUGGETS,32,2,160,25,58,9,24,10,15,0,24,7,3,10,13,14,69
boldema01,Marques Bolden,CENTER,22,CLEVELAND CAVALIERS,6,0,29,1,3,0,0,5,8,3,3,0,2,2,2,0,7
bonejo01,Jordan Bone,POINT GUARD,23,ORLANDO MAGIC,14,0,196,23,54,10,32,0,0,4,20,18,2,0,3,11,56
bongais01,Isaac Bonga,SMALL FORWARD,21,WASHINGTON WIZARDS,40,8,432,30,81,13,47,5,8,18,48,23,11,9,22,63,78
bookede01,Devin Booker,SHOOTING GUARD,24,PHOENIX SUNS,67,67,2270,623,1287,126,371,340,392,34,247,289,53,16,207,181,1712
bouchch01,Chris Boucher,CENTER,28,TORONTO RAPTORS,60,14,1453,288,560,90,235,152,193,117,287,63,35,111,46,166,818
bowenbr02,Brian Bowen,SMALL FORWARD,22,INDIANA PACERS,6,0,15,1,4,0,1,1,1,0,3,0,0,0,0,1,3
bradlav01,Avery Bradley,SHOOTING GUARD,30,MIAMI HEAT,10,1,211,31,66,16,38,7,9,2,16,14,7,1,9,26,85
bradlav01,Avery Bradley,SHOOTING GUARD,30,HOUSTON ROCKETS,17,5,391,33,105,17,63,5,6,6,33,32,14,2,19,29,88
bradlto01,Tony Bradley,CENTER,23,PHILADELPHIA 76ERS,20,8,287,51,75,0,1,7,11,39,65,17,6,13,6,28,109
bradlto01,Tony Bradley,CENTER,23,OKLAHOMA CITY THUNDER,22,0,397,80,122,0,2,31,44,46,89,20,9,17,27,33,191
brantja01,Jarrell Brantley,POWER FORWARD,24,UTAH JAZZ,28,0,138,25,52,12,28,2,2,9,18,15,7,2,8,17,64
brazdig01,Ignas Brazdeikis,SMALL FORWARD,22,NEW YORK KNICKS,4,0,7,0,1,0,0,2,2,1,1,1,0,0,1,0,2
brazdig01,Ignas Brazdeikis,SMALL FORWARD,22,PHILADELPHIA 76ERS,1,0,8,0,3,0,1,0,0,0,2,0,0,0,0,0,0
brazdig01,Ignas Brazdeikis,SMALL FORWARD,22,ORLANDO MAGIC,8,0,234,35,79,11,27,8,12,10,31,16,4,3,11,22,89
bridgmi01,Mikal Bridges,SMALL FORWARD,24,PHOENIX SUNS,72,72,2348,363,669,134,315,110,131,76,233,152,76,63,57,116,970
bridgmi02,Miles Bridges,POWER FORWARD,22,CHARLOTTE HORNETS,66,19,1932,313,622,116,290,98,113,81,316,147,44,52,106,143,840
brimaam01,Amida Brimah,CENTER,26,INDIANA PACERS,5,0,29,5,8,0,0,3,3,2,6,1,0,5,4,4,13
brissos01,Oshae Brissett,SMALL FORWARD,22,INDIANA PACERS,21,16,519,73,151,33,78,50,65,29,86,18,19,20,10,32,229
brogdma01,Malcolm Brogdon,POINT GUARD,28,INDIANA PACERS,56,56,1930,444,980,145,374,153,177,58,236,329,49,15,115,110,1186
brookar01,Armoni Brooks,SHOOTING GUARD,22,HOUSTON ROCKETS,20,5,520,78,192,60,157,7,12,10,58,30,12,5,22,34,223
brookdi01,Dillon Brooks,SMALL FORWARD,25,MEMPHIS GRIZZLIES,67,67,1997,432,1031,128,372,159,195,53,143,157,78,26,119,237,1151
brownbr01,Bruce Brown,POINT GUARD,24,BROOKLYN NETS,65,37,1451,235,423,17,59,86,117,111,238,104,58,28,54,145,573
brownch02,Charlie Brown Jr.,SHOOTING GUARD,23,OKLAHOMA CITY THUNDER,9,1,152,13,43,5,21,9,10,3,14,9,4,2,6,19,40
brownja02,Jaylen Brown,SHOOTING GUARD,24,BOSTON CELTICS,58,58,1999,538,1111,163,411,191,250,71,276,195,72,32,158,168,1430
brownmo01,Moses Brown,CENTER,21,OKLAHOMA CITY THUNDER,43,32,920,146,268,0,0,78,126,154,229,10,31,47,43,93,370
brownst02,Sterling Brown,SHOOTING GUARD,25,HOUSTON ROCKETS,51,14,1229,150,335,91,215,25,31,38,186,72,38,12,41,97,416
browntr01,Troy Brown Jr.,SMALL FORWARD,21,WASHINGTON WIZARDS,21,0,287,33,89,14,46,10,15,11,50,19,3,4,16,29,90
browntr01,Troy Brown Jr.,SMALL FORWARD,21,CHICAGO BULLS,13,0,237,29,55,8,24,5,6,9,35,10,7,2,5,20,71
brunsja01,Jalen Brunson,POINT GUARD,24,DALLAS MAVERICKS,68,12,1697,328,627,81,200,120,151,27,204,239,35,1,80,109,857
bryanel01,Elijah Bryant,SHOOTING GUARD,25,MILWAUKEE BUCKS,1,0,32,6,13,1,5,3,3,2,4,3,0,1,4,4,16
bryanth01,Thomas Bryant,CENTER,23,WASHINGTON WIZARDS,10,10,271,59,91,9,21,16,24,18,43,15,4,8,11,31,143
bullore01,Reggie Bullock,SMALL FORWARD,29,NEW YORK KNICKS,65,64,1949,248,561,163,398,50,55,16,207,99,52,11,45,146,709
burketr01,Trey Burke,POINT GUARD,28,DALLAS MAVERICKS,62,1,911,151,353,58,164,51,57,10,44,81,36,7,33,64,411
burksal01,Alec Burks,SHOOTING GUARD,29,NEW YORK KNICKS,49,5,1255,210,500,102,246,101,118,21,206,107,31,14,49,102,623
butleji01,Jimmy Butler,SMALL FORWARD,31,MIAMI HEAT,52,52,1745,366,736,25,102,359,416,94,265,369,108,18,109,71,1116
cabocbr01,Bruno Caboclo,POWER FORWARD,25,HOUSTON ROCKETS,6,0,36,8,17,0,5,1,2,3,11,1,0,2,4,6,17
cacokde01,Devontae Cacok,POWER FORWARD,24,LOS ANGELES LAKERS,20,1,98,17,29,0,0,5,11,12,20,1,5,4,5,8,39
caldwke01,Kentavious Caldwell-Pope,SHOOTING GUARD,27,LOS ANGELES LAKERS,67,67,1902,218,506,120,293,97,112,27,152,127,62,26,66,114,653
campafa01,Facundo Campazzo,POINT GUARD,29,DENVER NUGGETS,65,19,1425,120,315,76,216,80,91,22,112,232,79,14,73,132,396
cancavl01,Vlatko Čančar,POWER FORWARD,23,DENVER NUGGETS,41,1,281,33,72,9,33,10,13,11,39,14,11,2,14,18,85
cannade01,Devin Cannady,POINT GUARD,24,ORLANDO MAGIC,8,0,74,11,28,6,16,6,7,0,5,1,5,1,2,9,34
capelca01,Clint Capela,CENTER,26,ATLANTA HAWKS,63,63,1898,413,695,0,0,130,227,297,606,49,44,129,73,145,956
careyve01,Vernon Carey Jr.,CENTER,19,CHARLOTTE HORNETS,19,4,115,18,36,1,7,9,11,6,21,2,1,5,5,13,46
carteje01,Jevon Carter,POINT GUARD,25,PHOENIX SUNS,60,1,717,94,223,56,151,4,7,16,76,71,29,9,16,56,248
cartewe01,Wendell Carter Jr.,CENTER,21,CHICAGO BULLS,32,25,792,129,252,8,22,82,111,70,180,69,18,24,49,96,348
cartewe01,Wendell Carter Jr.,CENTER,21,ORLANDO MAGIC,22,19,583,101,205,7,29,49,68,62,131,35,17,18,29,50,258
cartemi01,Michael Carter-Williams,SHOOTING GUARD,29,ORLANDO MAGIC,31,25,800,105,270,15,61,49,80,39,100,129,25,17,69,81,274
carusal01,Alex Caruso,POINT GUARD,26,LOS ANGELES LAKERS,58,6,1216,133,305,55,137,49,76,31,139,160,64,15,76,108,370
caulewi01,Willie Cauley-Stein,CENTER,27,DALLAS MAVERICKS,53,16,906,115,182,1,11,49,78,66,170,35,21,43,29,129,280
chiozch01,Chris Chiozza,POINT GUARD,25,BROOKLYN NETS,22,1,232,31,88,13,42,13,17,3,21,65,7,6,16,19,88
chrisma01,Marquese Chriss,POWER FORWARD,23,GOLDEN STATE WARRIORS,2,0,27,5,14,1,5,2,4,3,10,2,0,2,2,3,13
clarkga01,Gary Clark,SMALL FORWARD,26,ORLANDO MAGIC,35,11,637,40,131,31,108,8,10,33,79,30,12,7,17,34,119
clarkga01,Gary Clark,SMALL FORWARD,26,DENVER NUGGETS,2,0,4,0,0,0,0,0,0,0,1,0,0,0,0,0,0
clarkga01,Gary Clark,POWER FORWARD,26,PHILADELPHIA 76ERS,2,0,13,0,1,0,0,0,0,0,2,1,1,0,0,1,0
clarkbr01,Brandon Clarke,POWER FORWARD,24,MEMPHIS GRIZZLIES,59,16,1415,256,495,20,77,78,113,97,231,95,60,51,33,84,610
clarkjo01,Jordan Clarkson,SHOOTING GUARD,28,UTAH JAZZ,68,1,1818,457,1075,208,599,129,144,47,227,168,61,10,115,110,1251
claxtni01,Nic Claxton,CENTER,21,BROOKLYN NETS,32,1,594,90,145,1,5,31,64,43,123,28,23,40,18,68,212
coffeam01,Amir Coffey,SHOOTING GUARD,23,LOS ANGELES CLIPPERS,44,1,394,45,103,23,56,27,38,10,34,22,10,0,15,30,140
collijo01,John Collins,POWER FORWARD,23,ATLANTA HAWKS,63,63,1848,429,771,83,208,170,204,118,349,78,34,63,84,193,1111
conlemi01,Mike Conley,POINT GUARD,33,UTAH JAZZ,51,51,1498,284,640,138,335,121,142,36,141,305,70,9,99,98,827
connapa01,Pat Connaughton,SHOOTING GUARD,28,MILWAUKEE BUCKS,69,4,1575,168,387,101,272,31,40,63,269,81,49,23,33,99,468
cookqu01,Quinn Cook,POINT GUARD,27,LOS ANGELES LAKERS,16,0,62,12,26,5,13,4,5,0,5,5,1,1,3,2,33
cookqu01,Quinn Cook,POINT GUARD,27,CLEVELAND CAVALIERS,7,0,95,17,42,6,13,3,3,2,10,13,3,0,4,8,43
cookty01,Tyler Cook,POWER FORWARD,23,BROOKLYN NETS,4,0,17,1,3,0,0,0,0,1,1,2,0,0,1,2,2
cookty01,Tyler Cook,SMALL FORWARD,23,DETROIT PISTONS,28,1,421,68,100,1,2,17,35,27,66,15,8,2,20,33,154
couside01,DeMarcus Cousins,CENTER,30,HOUSTON ROCKETS,25,11,506,79,210,39,116,44,59,30,161,60,21,18,39,74,241
couside01,DeMarcus Cousins,CENTER,30,LOS ANGELES CLIPPERS,16,0,207,51,95,8,19,15,22,23,49,16,13,6,25,33,125
covinro01,Robert Covington,POWER FORWARD,30,PORTLAND TRAIL BLAZERS,70,70,2243,204,509,135,356,50,62,61,405,117,101,84,64,195,593
craigto01,Torrey Craig,SMALL FORWARD,30,MILWAUKEE BUCKS,18,0,201,18,46,8,22,1,2,13,30,16,9,7,5,24,45
craigto01,Torrey Craig,SMALL FORWARD,30,PHOENIX SUNS,32,8,602,91,181,31,84,16,20,44,110,33,19,19,20,59,229
crowdja01,Jae Crowder,POWER FORWARD,30,PHOENIX SUNS,60,42,1648,199,492,148,380,57,75,32,250,127,48,27,55,125,603
culveja01,Jarrett Culver,SHOOTING GUARD,21,MINNESOTA TIMBERWOLVES,34,7,499,69,168,13,53,29,48,34,70,24,17,9,28,58,180
curryse01,Seth Curry,SHOOTING GUARD,30,PHILADELPHIA 76ERS,57,57,1638,258,552,126,280,69,77,10,126,155,44,8,65,96,711
curryst01,Stephen Curry,POINT GUARD,32,GOLDEN STATE WARRIORS,63,63,2152,658,1365,337,801,362,395,29,316,363,77,8,213,119,2015
darlina01,Nate Darling,SHOOTING GUARD,22,CHARLOTTE HORNETS,7,0,26,2,7,2,7,3,3,1,0,1,0,1,1,1,9
davisan02,Anthony Davis,POWER FORWARD,27,LOS ANGELES LAKERS,36,36,1162,301,613,26,100,158,214,62,224,110,45,59,74,60,786
davised01,Ed Davis,CENTER,31,MINNESOTA TIMBERWOLVES,23,7,299,19,44,0,0,10,12,46,69,21,13,13,7,56,48
daviste02,Terence Davis,SHOOTING GUARD,23,TORONTO RAPTORS,34,4,493,87,210,44,122,16,18,9,57,37,17,7,29,48,234
daviste02,Terence Davis,SHOOTING GUARD,23,SACRAMENTO KINGS,27,0,581,108,246,54,145,29,37,11,77,46,27,7,34,49,299
deckga01,Gabriel Deck,POWER FORWARD,25,OKLAHOMA CITY THUNDER,10,0,212,32,67,2,15,18,22,16,24,24,8,0,6,9,84
dedmode01,Dewayne Dedmon,CENTER,31,MIAMI HEAT,16,0,210,46,65,1,5,20,27,28,58,12,9,6,13,36,113
dellama01,Matthew Dellavedova,POINT GUARD,30,CLEVELAND CAVALIERS,13,1,224,14,56,4,25,4,4,6,18,58,4,1,6,21,36
derozde01,DeMar DeRozan,POWER FORWARD,31,SAN ANTONIO SPURS,61,61,2056,455,920,19,74,387,440,40,219,422,56,15,119,128,1316
diakima01,Mamadi Diakite,POWER FORWARD,24,MILWAUKEE BUCKS,14,1,141,16,40,1,8,11,14,8,26,8,7,6,3,16,44
diallha01,Hamidou Diallo,SHOOTING GUARD,22,OKLAHOMA CITY THUNDER,32,5,761,143,297,12,41,83,132,37,128,77,31,12,49,83,381
diallha01,Hamidou Diallo,SMALL FORWARD,22,DETROIT PISTONS,20,4,465,81,173,16,41,45,68,22,85,24,10,12,27,51,223
dienggo01,Gorgui Dieng,CENTER,31,MEMPHIS GRIZZLIES,22,1,371,56,108,23,48,38,43,28,70,29,17,14,22,38,173
dienggo01,Gorgui Dieng,CENTER,31,SAN ANTONIO SPURS,16,0,181,29,55,7,22,20,24,12,30,19,9,2,10,18,85
dinwisp01,Spencer Dinwiddie,SHOOTING GUARD,27,BROOKLYN NETS,3,3,64,6,16,2,7,6,6,0,13,9,2,1,5,4,20
divindo01,Donte DiVincenzo,SHOOTING GUARD,24,MILWAUKEE BUCKS,66,66,1814,253,603,131,346,51,71,81,299,203,72,15,91,112,688
doncilu01,Luka Dončić,POINT GUARD,21,DALLAS MAVERICKS,66,66,2262,647,1351,192,548,344,471,54,473,567,64,36,281,152,1830
dortlu01,Luguentz Dort,SHOOTING GUARD,21,OKLAHOMA CITY THUNDER,52,52,1543,247,639,113,329,122,164,38,151,88,45,19,79,134,729
dotsoda01,Damyean Dotson,SHOOTING GUARD,26,CLEVELAND CAVALIERS,46,7,907,119,293,46,159,24,36,5,88,91,16,4,42,42,308
dotsode01,Devon Dotson,POINT GUARD,21,CHICAGO BULLS,11,0,50,11,21,1,7,0,0,2,3,7,4,0,0,3,23
doumbse01,Sekou Doumbouya,POWER FORWARD,20,DETROIT PISTONS,56,11,869,107,282,26,115,45,64,39,104,47,24,9,44,94,285
doziepj01,PJ Dozier,SHOOTING GUARD,24,DENVER NUGGETS,50,6,1088,148,355,47,149,42,66,35,147,92,31,22,46,86,385
dragigo01,Goran Dragić,POINT GUARD,34,MIAMI HEAT,50,11,1337,240,555,91,244,101,122,25,144,219,33,8,118,113,672
drumman01,Andre Drummond,CENTER,27,CLEVELAND CAVALIERS,25,25,722,180,380,0,8,77,129,101,236,64,40,29,81,69,437
drumman01,Andre Drummond,CENTER,27,LOS ANGELES LAKERS,21,21,520,102,192,0,0,46,76,65,149,30,23,20,43,80,250
dudleja01,Jared Dudley,POWER FORWARD,35,LOS ANGELES LAKERS,12,0,81,2,9,2,6,0,0,4,17,5,1,1,2,7,6
dunnkr01,Kris Dunn,POINT GUARD,26,ATLANTA HAWKS,4,0,45,1,12,0,2,3,4,0,6,2,2,2,3,10,5
duranke01,Kevin Durant,POWER FORWARD,32,BROOKLYN NETS,35,32,1157,324,603,85,189,210,238,13,234,195,25,45,120,70,943
edwaran01,Anthony Edwards,SHOOTING GUARD,19,MINNESOTA TIMBERWOLVES,72,55,2314,505,1211,171,520,211,272,59,277,211,82,36,160,129,1392
edwarca01,Carsen Edwards,SHOOTING GUARD,22,BOSTON CELTICS,31,1,276,47,111,18,63,11,13,3,23,14,7,1,7,25,123
ellebcj01,CJ Elleby,SMALL FORWARD,20,PORTLAND TRAIL BLAZERS,30,0,192,25,66,7,34,11,15,11,21,10,6,3,5,27,68
ellenhe01,Henry Ellenson,POWER FORWARD,24,TORONTO RAPTORS,2,0,38,5,14,2,9,3,4,3,9,5,0,0,0,7,15
ellinwa01,Wayne Ellington,SHOOTING GUARD,33,DETROIT PISTONS,46,31,1012,149,338,116,275,28,35,12,73,67,18,9,33,59,442
embiijo01,Joel Embiid,CENTER,26,PHILADELPHIA 76ERS,51,51,1585,461,899,58,154,471,548,113,426,145,50,69,159,123,1451
ennisja01,James Ennis III,SMALL FORWARD,30,ORLANDO MAGIC,41,37,986,115,243,45,104,70,87,43,123,62,32,7,36,84,345
eubandr01,Drew Eubanks,CENTER,23,SAN ANTONIO SPURS,54,3,755,116,205,2,2,77,106,74,167,42,18,49,45,88,311
exumda01,Dante Exum,SHOOTING GUARD,25,CLEVELAND CAVALIERS,6,3,116,10,26,2,11,1,2,2,15,13,4,2,7,9,23
fallta01,Tacko Fall,CENTER,25,BOSTON CELTICS,19,0,136,21,29,0,0,5,15,16,36,3,1,20,6,22,47
favorde01,Derrick Favors,CENTER,29,UTAH JAZZ,68,0,1039,155,243,0,2,59,80,138,238,44,32,68,36,143,369
feliccr01,Cristiano Felício,CENTER,28,CHICAGO BULLS,18,0,84,7,13,0,2,9,16,10,16,9,4,0,4,10,23
fergute01,Terrance Ferguson,SHOOTING GUARD,22,PHILADELPHIA 76ERS,13,0,49,1,7,0,5,0,0,0,1,2,1,0,4,7,2
fernabr01,Bruno Fernando,CENTER,22,ATLANTA HAWKS,33,0,226,18,44,0,2,15,22,16,62,10,4,3,21,23,51
ferreyo01,Yogi Ferrell,POINT GUARD,27,CLEVELAND CAVALIERS,2,0,40,8,21,3,9,0,2,3,4,5,3,1,3,4,19
ferreyo01,Yogi Ferrell,POINT GUARD,27,LOS ANGELES CLIPPERS,8,0,96,12,36,6,19,7,7,2,10,17,4,2,0,7,37
finnedo01,Dorian Finney-Smith,POWER FORWARD,27,DALLAS MAVERICKS,60,60,1921,220,466,119,302,31,41,98,228,102,52,25,48,138,590
fittsma01,Malik Fitts,POWER FORWARD,23,LOS ANGELES CLIPPERS,3,0,11,1,3,1,2,0,0,0,3,0,0,0,0,3,3
flynnma01,Malachi Flynn,POINT GUARD,22,TORONTO RAPTORS,47,14,928,127,340,54,168,45,56,10,106,137,38,7,43,68,353
forbebr01,Bryn Forbes,SHOOTING GUARD,27,MILWAUKEE BUCKS,70,10,1354,250,529,154,341,47,61,11,101,45,24,1,44,77,701
forretr01,Trent Forrest,POINT GUARD,22,UTAH JAZZ,30,0,302,32,71,5,26,19,19,11,33,45,9,4,21,22,88
fournev01,Evan Fournier,SMALL FORWARD,28,ORLANDO MAGIC,26,26,787,170,369,73,188,98,123,5,70,95,27,9,54,55,511
fournev01,Evan Fournier,SMALL FORWARD,28,BOSTON CELTICS,16,10,472,77,172,44,95,10,14,5,48,49,20,10,19,41,208
foxde01,De'Aaron Fox,POINT GUARD,23,SACRAMENTO KINGS,58,58,2036,529,1110,103,320,300,417,33,170,417,87,27,174,170,1461
frankro01,Robert Franks,POWER FORWARD,24,ORLANDO MAGIC,7,0,101,13,28,5,15,12,13,6,8,5,3,3,2,8,43
fraziti01,Tim Frazier,POINT GUARD,30,MEMPHIS GRIZZLIES,5,0,62,3,20,0,8,2,6,0,8,16,2,1,4,7,8
kanteen01,Enes Freedom,CENTER,28,PORTLAND TRAIL BLAZERS,72,35,1758,339,561,1,4,127,164,284,511,84,33,48,78,168,806
fultzma01,Markelle Fultz,POINT GUARD,22,ORLANDO MAGIC,8,8,215,41,104,4,16,17,19,5,20,43,8,2,18,18,103
gabriwe01,Wenyen Gabriel,POWER FORWARD,23,NEW ORLEANS PELICANS,21,0,241,24,60,13,32,11,17,20,34,11,9,8,15,32,72
gaffoda01,Daniel Gafford,CENTER,22,CHICAGO BULLS,31,11,383,60,87,0,0,27,41,44,59,17,11,34,22,54,147
gaffoda01,Daniel Gafford,CENTER,22,WASHINGTON WIZARDS,23,0,408,94,138,0,0,45,67,50,78,12,15,41,19,44,233
gallida01,Danilo Gallinari,POWER FORWARD,32,ATLANTA HAWKS,51,4,1222,206,475,103,254,161,174,17,194,76,30,10,43,105,676
gallola01,Langston Galloway,SHOOTING GUARD,29,PHOENIX SUNS,40,0,438,66,147,36,85,22,23,7,35,26,8,0,13,25,190
garlada01,Darius Garland,POINT GUARD,21,CLEVELAND CAVALIERS,54,50,1790,362,802,105,266,112,132,23,106,329,66,6,164,110,941
gasolma01,Marc Gasol,CENTER,36,LOS ANGELES LAKERS,52,42,993,88,194,50,122,36,50,38,177,109,26,58,53,115,262
gayru01,Rudy Gay,POWER FORWARD,34,SAN ANTONIO SPURS,63,1,1358,264,628,106,278,82,102,42,261,88,45,40,65,115,716
georgpa01,Paul George,SMALL FORWARD,30,LOS ANGELES CLIPPERS,54,54,1821,445,953,171,416,198,228,45,314,280,62,24,179,132,1259
gibsota01,Taj Gibson,CENTER,35,NEW YORK KNICKS,45,3,936,99,158,3,15,40,55,99,151,36,31,49,22,99,241
gilesha01,Harry Giles,CENTER,22,PORTLAND TRAIL BLAZERS,38,0,348,42,97,8,23,16,27,31,102,29,8,13,20,54,108
gilgesh01,Shai Gilgeous-Alexander,SHOOTING GUARD,22,OKLAHOMA CITY THUNDER,35,35,1180,287,565,71,170,185,229,19,147,207,27,23,106,70,830
gillan01,Anthony Gill,POWER FORWARD,28,WASHINGTON WIZARDS,26,4,218,30,60,7,24,13,16,16,35,11,10,4,8,27,80
gillefr01,Freddie Gillespie,POWER FORWARD,23,TORONTO RAPTORS,20,2,392,44,84,0,0,23,33,42,55,9,13,20,12,43,111
goberru01,Rudy Gobert,CENTER,28,UTAH JAZZ,71,71,2187,391,579,0,4,233,374,240,720,89,40,190,118,163,1015
goodwbr01,Brandon Goodwin,POINT GUARD,25,ATLANTA HAWKS,47,5,620,84,223,32,103,28,43,8,61,95,17,0,36,41,228
gordoaa01,Aaron Gordon,POWER FORWARD,25,ORLANDO MAGIC,25,25,736,128,293,42,112,66,105,39,127,105,16,20,67,49,364
gordoaa01,Aaron Gordon,POWER FORWARD,25,DENVER NUGGETS,25,25,648,103,206,17,64,31,44,38,80,56,17,14,30,40,254
gordoer01,Eric Gordon,SHOOTING GUARD,32,HOUSTON ROCKETS,27,13,789,159,367,69,210,94,114,8,50,71,14,13,51,44,481
grahade01,Devonte' Graham,POINT GUARD,25,CHARLOTTE HORNETS,55,44,1659,252,669,179,477,133,158,22,126,295,48,6,84,77,816
grantje01,Jerami Grant,SMALL FORWARD,26,DETROIT PISTONS,54,54,1829,400,932,115,329,290,343,35,215,152,35,58,109,125,1205
greenda02,Danny Green,SMALL FORWARD,33,PHILADELPHIA 76ERS,69,69,1934,224,544,175,432,31,40,55,205,118,92,56,67,125,654
greendr01,Draymond Green,POWER FORWARD,30,GOLDEN STATE WARRIORS,63,63,1982,170,380,34,126,70,88,55,394,558,105,52,188,194,444
greenja01,JaMychal Green,POWER FORWARD,30,DENVER NUGGETS,58,5,1120,173,374,79,198,46,57,85,192,53,26,22,53,144,471
greenja02,Javonte Green,SMALL FORWARD,27,BOSTON CELTICS,25,2,345,39,71,7,22,20,30,20,32,11,18,2,13,32,105
greenja02,Javonte Green,SHOOTING GUARD,27,CHICAGO BULLS,16,0,128,14,31,3,8,10,10,6,13,6,10,4,6,13,41
greenje02,Jeff Green,POWER FORWARD,34,BROOKLYN NETS,68,38,1835,261,530,103,250,125,161,34,229,108,36,27,54,122,750
greenjo02,Josh Green,SHOOTING GUARD,20,DALLAS MAVERICKS,39,5,445,42,93,4,25,13,23,28,50,28,16,3,17,35,101
griffbl01,Blake Griffin,POWER FORWARD,31,DETROIT PISTONS,20,20,626,81,222,39,124,44,62,7,97,77,14,2,32,42,245
griffbl01,Blake Griffin,POWER FORWARD,31,BROOKLYN NETS,26,10,560,93,189,31,81,43,55,28,93,63,18,13,30,69,260
guyky01,Kyle Guy,POINT GUARD,23,SACRAMENTO KINGS,31,0,235,29,88,13,46,16,20,5,30,32,6,0,11,20,87
hachiru01,Rui Hachimura,POWER FORWARD,22,WASHINGTON WIZARDS,57,57,1797,310,648,45,137,124,161,49,263,82,44,7,68,120,789
haganas01,Ashton Hagans,POINT GUARD,21,MINNESOTA TIMBERWOLVES,2,0,4,0,0,0,0,0,0,0,0,0,0,0,1,0,0
halibty01,Tyrese Haliburton,POINT GUARD,20,SACRAMENTO KINGS,58,20,1746,292,619,121,296,48,56,39,134,309,77,28,92,83,753
halldo01,Donta Hall,POWER FORWARD,23,ORLANDO MAGIC,13,0,179,25,35,0,0,23,34,24,38,11,5,10,8,18,73
halljo01,Josh Hall,SMALL FORWARD,20,OKLAHOMA CITY THUNDER,21,1,336,30,99,4,37,22,44,6,53,28,4,1,25,37,86
hamptrj01,R.J. Hampton,SHOOTING GUARD,19,DENVER NUGGETS,25,0,233,25,60,5,18,9,12,10,40,14,5,2,11,22,64
hamptrj01,R.J. Hampton,SHOOTING GUARD,19,ORLANDO MAGIC,26,1,655,111,253,22,69,46,70,19,110,73,16,8,42,39,290
hardati02,Tim Hardaway Jr.,SHOOTING GUARD,28,DALLAS MAVERICKS,70,31,1985,407,911,207,529,142,174,20,209,126,31,11,64,111,1163
hardeja01,James Harden,POINT GUARD,31,HOUSTON ROCKETS,8,8,290,60,135,25,72,53,60,5,36,83,7,6,34,14,198
hardeja01,James Harden,POINT GUARD,31,BROOKLYN NETS,36,35,1319,282,599,96,262,225,263,30,277,392,46,27,143,85,885
harklma01,Maurice Harkless,SMALL FORWARD,27,MIAMI HEAT,11,3,124,5,13,5,11,0,2,2,11,7,2,4,3,14,15
harklma01,Maurice Harkless,POWER FORWARD,27,SACRAMENTO KINGS,26,20,648,64,152,18,73,33,41,11,65,37,28,16,19,72,179
harpeja01,Jared Harper,POINT GUARD,23,NEW YORK KNICKS,8,0,16,0,4,0,1,3,4,0,2,1,0,0,3,1,3
harremo01,Montrezl Harrell,CENTER,27,LOS ANGELES LAKERS,69,1,1580,375,603,0,10,181,256,158,270,73,46,49,74,128,931
harriga01,Gary Harris,SHOOTING GUARD,26,DENVER NUGGETS,19,19,581,69,156,24,75,22,30,13,34,32,17,4,14,37,184
harriga01,Gary Harris,SHOOTING GUARD,26,ORLANDO MAGIC,20,19,499,69,189,24,66,42,48,8,24,46,11,7,23,34,204
harrija01,Jalen Harris,SHOOTING GUARD,22,TORONTO RAPTORS,13,2,172,36,72,17,36,7,9,3,15,17,8,0,14,15,96
harrijo01,Joe Harris,SMALL FORWARD,29,BROOKLYN NETS,69,65,2141,357,707,211,444,49,63,43,205,130,46,14,62,141,974
harrito02,Tobias Harris,POWER FORWARD,28,PHILADELPHIA 76ERS,62,62,2014,473,924,82,208,182,204,62,357,220,55,51,107,119,1210
harrish01,Shaquille Harrison,SHOOTING GUARD,27,UTAH JAZZ,17,0,56,6,20,0,2,5,6,3,6,9,2,0,5,3,17
harrish01,Shaquille Harrison,SHOOTING GUARD,27,DENVER NUGGETS,17,0,277,20,58,3,14,13,16,4,35,16,15,5,6,30,56
hartjo01,Josh Hart,SMALL FORWARD,25,NEW ORLEANS PELICANS,47,4,1349,151,344,63,193,69,89,53,324,109,38,12,49,111,434
harteis01,Isaiah Hartenstein,CENTER,22,DENVER NUGGETS,30,0,272,41,80,0,0,22,36,40,45,15,11,20,21,59,104
harteis01,Isaiah Hartenstein,CENTER,22,CLEVELAND CAVALIERS,16,2,287,53,91,2,6,24,35,25,71,40,8,19,23,45,132
hasleud01,Udonis Haslem,CENTER,40,MIAMI HEAT,1,0,3,2,2,0,0,0,0,0,1,0,0,0,0,0,4
hayesja02,Jaxson Hayes,CENTER,20,NEW ORLEANS PELICANS,60,3,964,175,280,6,14,93,120,92,165,35,25,38,39,101,449
hayeski01,Killian Hayes,POINT GUARD,19,DETROIT PISTONS,26,18,670,71,201,20,72,14,17,6,63,138,27,10,83,57,176
haywago01,Gordon Hayward,SMALL FORWARD,30,CHARLOTTE HORNETS,44,44,1496,311,658,85,205,156,185,37,221,181,52,14,91,74,863
hernaju01,Juancho Hernangómez,POWER FORWARD,25,MINNESOTA TIMBERWOLVES,52,6,900,130,299,55,168,60,97,45,160,35,19,7,27,52,375
hernawi01,Willy Hernangómez,CENTER,26,NEW ORLEANS PELICANS,47,12,846,151,268,1,10,62,93,117,217,50,22,23,34,68,365
herroty01,Tyler Herro,SHOOTING GUARD,21,MIAMI HEAT,54,15,1635,307,699,107,297,94,117,25,243,184,35,17,101,71,815
hieldbu01,Buddy Hield,SHOOTING GUARD,28,SACRAMENTO KINGS,71,71,2433,403,992,282,721,88,104,29,305,257,63,30,130,175,1176
hillge01,George Hill,POINT GUARD,34,OKLAHOMA CITY THUNDER,14,14,369,61,120,22,57,21,25,8,21,43,12,2,12,12,165
hillge01,George Hill,POINT GUARD,34,PHILADELPHIA 76ERS,16,3,303,34,77,9,23,19,25,8,24,30,11,3,19,19,96
hillso01,Solomon Hill,POWER FORWARD,29,ATLANTA HAWKS,71,16,1513,107,298,68,212,35,46,42,172,75,50,11,42,116,317
hintona01,Nate Hinton,SHOOTING GUARD,21,DALLAS MAVERICKS,21,0,93,15,42,4,19,7,10,1,8,8,7,2,5,8,41
hoardja01,Jaylen Hoard,SMALL FORWARD,21,OKLAHOMA CITY THUNDER,19,0,320,44,88,0,11,28,41,21,44,24,13,5,17,19,116
holidaa01,Aaron Holiday,POINT GUARD,24,INDIANA PACERS,66,8,1176,170,436,67,182,68,83,15,74,123,46,13,66,94,475
holidjr01,Jrue Holiday,POINT GUARD,30,MILWAUKEE BUCKS,59,56,1907,414,823,111,283,107,136,73,195,357,96,37,127,98,1046
holidju01,Justin Holiday,SHOOTING GUARD,31,INDIANA PACERS,72,52,2183,258,625,173,453,67,85,32,224,119,74,41,54,135,756
holliro01,Rondae Hollis-Jefferson,POWER FORWARD,26,PORTLAND TRAIL BLAZERS,11,1,107,9,18,0,1,9,16,11,15,13,2,4,2,15,27
holmeri01,Richaun Holmes,CENTER,27,SACRAMENTO KINGS,61,61,1782,366,575,2,11,135,170,144,360,101,39,96,75,213,869
hoodro01,Rodney Hood,SMALL FORWARD,28,PORTLAND TRAIL BLAZERS,38,5,726,73,201,25,84,9,12,18,55,47,20,4,31,59,180
hoodro01,Rodney Hood,SMALL FORWARD,28,TORONTO RAPTORS,17,0,216,21,59,9,29,15,16,5,25,6,4,3,5,15,66
horfoal01,Al Horford,CENTER,34,OKLAHOMA CITY THUNDER,28,28,782,162,360,56,152,18,22,29,159,94,25,26,29,48,398
hortota01,Talen Horton-Tucker,SHOOTING GUARD,20,LOS ANGELES LAKERS,65,4,1304,224,489,37,131,100,129,25,144,181,63,21,105,127,585
houseda01,Danuel House Jr.,SMALL FORWARD,27,HOUSTON ROCKETS,36,23,932,110,272,54,156,41,63,18,114,69,20,16,36,67,315
howardw01,Dwight Howard,CENTER,35,PHILADELPHIA 76ERS,69,6,1196,178,303,5,20,121,210,190,390,61,30,62,112,200,482
howarma02,Markus Howard,SHOOTING GUARD,21,DENVER NUGGETS,37,1,205,40,106,18,65,7,9,1,20,18,4,1,18,23,105
huertke01,Kevin Huerter,SHOOTING GUARD,22,ATLANTA HAWKS,69,49,2126,316,731,140,386,50,64,38,193,241,82,18,79,165,822
hugheel01,Elijah Hughes,SMALL FORWARD,22,UTAH JAZZ,18,0,64,10,30,8,23,3,4,1,8,6,1,1,6,1,31
huntede01,De'Andre Hunter,SMALL FORWARD,23,ATLANTA HAWKS,23,19,678,120,248,31,95,73,85,17,93,44,19,12,29,59,344
hutchch01,Chandler Hutchison,SMALL FORWARD,24,CHICAGO BULLS,7,0,64,5,18,1,3,2,2,1,19,4,1,0,5,9,13
hutchch01,Chandler Hutchison,SMALL FORWARD,24,WASHINGTON WIZARDS,18,1,282,34,85,7,19,19,23,5,53,13,11,5,15,24,94
ibakase01,Serge Ibaka,CENTER,31,LOS ANGELES CLIPPERS,41,39,955,186,365,39,115,43,53,73,202,74,9,47,44,76,454
iguodan01,Andre Iguodala,SMALL FORWARD,37,MIAMI HEAT,63,5,1339,95,248,60,182,25,38,38,183,142,57,35,67,90,275
ilyaser01,Ersan İlyasova,POWER FORWARD,33,UTAH JAZZ,17,1,148,21,54,18,41,5,5,7,22,4,10,3,8,29,65
inglejo01,Joe Ingles,SMALL FORWARD,33,UTAH JAZZ,67,30,1867,275,562,183,406,76,90,27,217,318,45,12,117,120,809
ingrabr01,Brandon Ingram,SMALL FORWARD,23,NEW ORLEANS PELICANS,61,61,2093,513,1101,143,375,281,320,34,265,296,42,36,154,124,1450
irvinky01,Kyrie Irving,POINT GUARD,28,BROOKLYN NETS,54,54,1886,549,1086,152,378,201,218,52,205,324,76,37,130,140,1451
iwundwe01,Wes Iwundu,SMALL FORWARD,26,DALLAS MAVERICKS,23,3,288,17,52,3,23,12,14,6,38,10,9,3,6,26,49
iwundwe01,Wes Iwundu,SMALL FORWARD,26,NEW ORLEANS PELICANS,18,1,251,17,50,2,18,14,17,9,37,8,6,1,13,23,50
jacksfr01,Frank Jackson,POINT GUARD,22,DETROIT PISTONS,40,6,738,134,293,61,150,61,75,15,71,36,15,1,34,53,390
jacksja02,Jaren Jackson Jr.,CENTER,21,MEMPHIS GRIZZLIES,11,4,258,53,125,17,60,35,42,17,45,12,12,18,15,42,158
jacksjo02,Josh Jackson,SHOOTING GUARD,23,DETROIT PISTONS,62,25,1560,296,707,77,257,159,218,57,197,143,53,47,142,178,828
jacksju01,Justin Jackson,SMALL FORWARD,25,OKLAHOMA CITY THUNDER,33,3,544,86,212,34,111,30,35,14,57,51,15,2,31,31,236
jacksju01,Justin Jackson,SMALL FORWARD,25,MILWAUKEE BUCKS,1,0,33,3,9,2,6,1,2,2,4,1,0,0,1,1,9
jacksre01,Reggie Jackson,SHOOTING GUARD,30,LOS ANGELES CLIPPERS,67,43,1544,263,585,122,282,67,82,24,168,205,41,7,74,127,715
jamesju01,Justin James,SMALL FORWARD,24,SACRAMENTO KINGS,36,0,310,52,111,14,38,21,36,9,21,22,8,3,15,23,139
jamesle01,LeBron James,POINT GUARD,36,LOS ANGELES LAKERS,45,45,1504,422,823,104,285,178,255,29,317,350,48,25,168,70,1126
jamesmi02,Mike James,POINT GUARD,30,BROOKLYN NETS,13,1,236,34,92,11,31,21,27,3,29,54,6,1,20,10,100
jeffrda01,DaQuan Jeffries,SHOOTING GUARD,23,SACRAMENTO KINGS,18,2,232,24,57,9,28,6,7,9,20,6,7,4,8,23,63
jeffrda01,DaQuan Jeffries,SHOOTING GUARD,23,HOUSTON ROCKETS,13,3,261,26,63,11,39,1,1,10,32,16,8,6,6,25,64
jeromty01,Ty Jerome,SHOOTING GUARD,23,OKLAHOMA CITY THUNDER,33,1,788,128,287,71,168,26,34,10,81,120,20,6,47,61,353
joeis01,Isaiah Joe,SHOOTING GUARD,21,PHILADELPHIA 76ERS,41,1,383,48,133,39,106,18,24,6,30,20,12,4,11,34,153
johnsal02,Alize Johnson,POWER FORWARD,24,BROOKLYN NETS,18,0,189,40,68,1,6,13,13,27,63,14,5,5,9,16,94
johnsca02,Cameron Johnson,POWER FORWARD,24,PHOENIX SUNS,60,11,1437,203,483,117,335,50,59,33,166,86,37,16,40,85,573
johnsja01,James Johnson,POWER FORWARD,33,DALLAS MAVERICKS,29,1,504,67,145,15,60,17,29,14,72,50,24,23,27,59,166
johnsja01,James Johnson,POWER FORWARD,33,NEW ORLEANS PELICANS,22,11,539,79,182,16,60,28,47,18,73,48,18,19,28,61,202
johnske04,Keldon Johnson,SMALL FORWARD,21,SAN ANTONIO SPURS,69,67,1968,338,705,60,181,145,196,93,319,121,40,24,78,142,881
johnsst04,Stanley Johnson,POWER FORWARD,24,TORONTO RAPTORS,61,13,1006,89,233,45,137,44,55,29,124,89,52,18,54,116,267
johnsty01,Tyler Johnson,SHOOTING GUARD,28,BROOKLYN NETS,39,3,684,72,183,48,132,18,21,6,71,47,14,0,17,43,210
jokicni01,Nikola Jokić,CENTER,25,DENVER NUGGETS,72,72,2488,732,1293,92,237,342,394,205,575,599,95,48,222,192,1898
jonesda03,Damian Jones,CENTER,25,PHOENIX SUNS,14,0,94,8,16,0,1,6,11,7,11,4,1,5,6,19,22
jonesda03,Damian Jones,CENTER,25,LOS ANGELES LAKERS,8,6,112,16,17,0,0,11,12,8,18,1,1,7,5,22,43
jonesda03,Damian Jones,CENTER,25,SACRAMENTO KINGS,17,4,341,46,70,1,4,25,35,21,56,24,9,17,15,36,118
jonesde02,Derrick Jones Jr.,SMALL FORWARD,23,PORTLAND TRAIL BLAZERS,58,43,1318,147,304,43,136,59,91,77,128,47,37,54,32,127,396
jonesma05,Mason Jones,SHOOTING GUARD,22,HOUSTON ROCKETS,26,1,307,47,114,23,64,35,57,4,47,39,6,1,28,22,152
jonesma05,Mason Jones,SHOOTING GUARD,22,PHILADELPHIA 76ERS,6,0,27,5,9,1,2,5,7,3,1,3,1,0,1,2,16
jonestr01,Tre Jones,POINT GUARD,21,SAN ANTONIO SPURS,37,1,269,37,78,3,5,17,19,8,13,39,8,0,13,13,94
jonesty01,Tyus Jones,POINT GUARD,24,MEMPHIS GRIZZLIES,70,9,1222,178,413,45,140,41,45,21,119,259,64,6,48,31,442
jordade01,DeAndre Jordan,CENTER,32,BROOKLYN NETS,57,43,1246,190,249,0,1,46,92,117,310,93,17,65,85,116,426
josepco01,Cory Joseph,POINT GUARD,29,SACRAMENTO KINGS,44,2,944,111,250,31,94,36,47,25,74,108,39,9,44,98,289
josepco01,Cory Joseph,POINT GUARD,29,DETROIT PISTONS,19,11,502,89,176,14,38,36,41,10,50,105,22,9,35,41,228
kabenmf01,Mfiondu Kabengele,POWER FORWARD,23,LOS ANGELES CLIPPERS,23,0,94,9,32,4,18,5,6,1,13,5,2,3,6,18,27
kabenmf01,Mfiondu Kabengele,POWER FORWARD,23,CLEVELAND CAVALIERS,16,0,186,24,57,9,32,11,14,11,35,12,6,10,9,18,68
kaminfr01,Frank Kaminsky,CENTER,27,PHOENIX SUNS,47,13,715,121,257,31,85,37,60,36,152,79,14,17,22,70,310
kennalu01,Luke Kennard,SHOOTING GUARD,24,LOS ANGELES CLIPPERS,63,17,1232,197,414,100,224,26,31,15,146,104,23,9,48,91,520
kinglo02,Louis King,SMALL FORWARD,21,SACRAMENTO KINGS,6,1,85,17,34,4,11,6,6,5,13,9,7,3,4,9,44
klebima01,Maxi Kleber,POWER FORWARD,29,DALLAS MAVERICKS,50,40,1341,116,275,87,212,34,37,47,213,68,24,35,30,105,353
knighna01,Nathan Knight,POWER FORWARD,23,ATLANTA HAWKS,33,0,279,37,100,6,33,44,55,27,45,8,9,10,15,22,124
knoxke01,Kevin Knox,SMALL FORWARD,21,NEW YORK KNICKS,42,0,464,56,143,35,89,16,20,10,51,19,12,6,17,37,163
konchjo01,John Konchar,SHOOTING GUARD,24,MEMPHIS GRIZZLIES,43,0,575,69,138,21,56,25,30,35,93,47,30,9,18,40,184
korkmfu01,Furkan Korkmaz,SHOOTING GUARD,23,PHILADELPHIA 76ERS,55,11,1062,170,424,101,269,60,82,17,96,82,49,9,46,64,501
kornelu01,Luke Kornet,CENTER,25,CHICAGO BULLS,13,0,94,9,27,6,23,2,4,1,14,4,2,7,1,1,26
kornelu01,Luke Kornet,CENTER,25,BOSTON CELTICS,18,2,254,35,74,9,36,1,2,13,39,20,2,25,6,19,80
kurucro01,Rodions Kurucs,POWER FORWARD,22,BROOKLYN NETS,5,0,16,1,3,1,2,0,0,0,3,2,0,0,0,1,3
kurucro01,Rodions Kurucs,SMALL FORWARD,22,HOUSTON ROCKETS,11,0,75,5,21,2,15,1,2,2,9,4,6,4,9,7,13
kurucro01,Rodions Kurucs,SMALL FORWARD,22,MILWAUKEE BUCKS,5,0,34,5,8,3,4,2,2,3,6,4,3,0,4,8,15
kuzmaky01,Kyle Kuzma,SMALL FORWARD,25,LOS ANGELES LAKERS,68,32,1954,335,757,137,380,67,97,108,309,127,35,41,113,121,874
lamban01,Anthony Lamb,SMALL FORWARD,23,HOUSTON ROCKETS,24,3,415,46,118,23,71,18,21,27,43,23,6,5,19,34,133
lambje01,Jeremy Lamb,SHOOTING GUARD,28,INDIANA PACERS,36,8,765,120,276,52,128,71,75,25,106,53,34,23,22,72,363
langfro01,Romeo Langford,SHOOTING GUARD,21,BOSTON CELTICS,18,4,283,21,59,5,18,9,12,12,23,13,6,5,10,24,56
lavinza01,Zach LaVine,SHOOTING GUARD,25,CHICAGO BULLS,58,58,2034,569,1123,200,477,253,298,36,253,282,46,27,203,138,1591
laymaja01,Jake Layman,SMALL FORWARD,26,MINNESOTA TIMBERWOLVES,45,11,627,91,184,23,78,26,37,13,54,28,29,19,26,44,231
leaftj01,T.J. Leaf,POWER FORWARD,23,PORTLAND TRAIL BLAZERS,7,0,35,5,10,0,0,2,2,0,5,1,2,1,2,1,12
lecquja01,Jalen Lecque,POINT GUARD,20,INDIANA PACERS,4,0,12,1,9,0,1,3,3,2,3,2,0,0,0,0,5
leeda03,Damion Lee,SHOOTING GUARD,28,GOLDEN STATE WARRIORS,57,1,1079,128,274,77,194,40,44,22,158,73,38,8,30,89,373
leesa01,Saben Lee,POINT GUARD,21,DETROIT PISTONS,48,7,781,99,210,8,23,61,89,20,77,174,32,13,55,76,267
lenal01,Alex Len,CENTER,27,TORONTO RAPTORS,7,2,76,5,10,3,6,3,6,0,11,3,1,6,8,10,16
lenal01,Alex Len,CENTER,27,WASHINGTON WIZARDS,57,40,903,166,268,5,19,70,110,78,171,46,19,58,47,117,407
leonaka01,Kawhi Leonard,SMALL FORWARD,29,LOS ANGELES CLIPPERS,52,52,1773,465,908,101,254,261,295,55,282,269,81,21,105,82,1292
leoname01,Meyers Leonard,CENTER,28,MIAMI HEAT,3,2,29,3,7,3,7,1,2,0,7,2,0,0,2,5,10
leverca01,Caris LeVert,SHOOTING GUARD,26,BROOKLYN NETS,12,4,334,87,200,22,63,26,34,10,42,72,13,6,26,20,222
leverca01,Caris LeVert,SHOOTING GUARD,26,INDIANA PACERS,35,35,1152,272,614,62,195,120,146,23,139,173,53,24,76,85,726
lewiski01,Kira Lewis Jr.,POINT GUARD,19,NEW ORLEANS PELICANS,54,0,904,130,337,40,120,43,51,12,59,124,38,10,34,88,343
lillada01,Damian Lillard,POINT GUARD,30,PORTLAND TRAIL BLAZERS,67,67,2398,602,1334,275,704,449,484,32,251,505,62,17,203,102,1928
littlna01,Nassir Little,POWER FORWARD,20,PORTLAND TRAIL BLAZERS,48,2,640,78,167,28,80,36,45,32,96,23,5,13,18,51,220
looneke01,Kevon Looney,CENTER,24,GOLDEN STATE WARRIORS,61,34,1161,108,197,4,17,31,48,117,205,119,21,22,37,136,251
lopezbr01,Brook Lopez,CENTER,32,MILWAUKEE BUCKS,70,70,1902,322,640,95,281,120,142,104,243,50,40,103,64,149,859
lopezro01,Robin Lopez,CENTER,32,WASHINGTON WIZARDS,71,9,1354,269,425,5,18,99,137,141,131,55,15,44,75,109,642
louzama01,Didi Louzada,SMALL FORWARD,21,NEW ORLEANS PELICANS,3,0,56,3,13,2,8,0,0,1,2,3,2,0,3,5,8
loveke01,Kevin Love,POWER FORWARD,32,CLEVELAND CAVALIERS,25,25,622,103,252,57,156,42,51,17,169,63,16,2,38,26,305
lowryky01,Kyle Lowry,POINT GUARD,34,TORONTO RAPTORS,46,46,1601,260,596,131,331,140,160,35,212,338,45,14,126,143,791
luwawti01,Timothé Luwawu-Cabarrot,SMALL FORWARD,25,BROOKLYN NETS,58,7,1050,130,356,75,239,35,43,28,101,69,33,6,43,99,370
lylestr01,Trey Lyles,POWER FORWARD,25,SAN ANTONIO SPURS,23,9,358,43,90,14,40,15,23,9,77,14,6,1,6,13,115
magnawi01,Will Magnay,CENTER,22,NEW ORLEANS PELICANS,1,0,3,0,1,0,1,0,0,0,0,0,0,0,1,1,0
makerth01,Thon Maker,CENTER,23,CLEVELAND CAVALIERS,8,0,76,10,18,0,2,10,11,8,10,4,2,4,3,7,30
maledth01,Théo Maledon,POINT GUARD,19,OKLAHOMA CITY THUNDER,65,49,1778,226,614,105,313,101,135,25,186,227,56,11,141,126,658
maneka01,Karim Mané,POINT GUARD,20,ORLANDO MAGIC,10,0,88,3,13,1,2,4,5,1,13,4,0,2,3,10,11
mannte01,Terance Mann,SHOOTING GUARD,24,LOS ANGELES CLIPPERS,67,10,1263,178,350,38,91,78,94,56,186,104,29,13,40,126,472
mannini01,Nico Mannion,POINT GUARD,19,GOLDEN STATE WARRIORS,30,1,364,39,114,22,60,23,28,6,40,70,16,1,31,29,123
marjabo01,Boban Marjanović,CENTER,32,DALLAS MAVERICKS,33,3,271,62,122,1,8,31,38,47,81,10,2,6,12,29,156
markkla01,Lauri Markkanen,POWER FORWARD,23,CHICAGO BULLS,51,26,1317,250,521,119,296,76,92,35,233,45,26,15,52,75,695
marshna01,Naji Marshall,SMALL FORWARD,23,NEW ORLEANS PELICANS,32,10,700,82,209,29,83,53,75,15,133,88,26,10,38,58,246
martica02,Caleb Martin,SMALL FORWARD,25,CHARLOTTE HORNETS,53,3,818,96,256,31,125,41,64,31,110,67,37,12,33,62,264
martico01,Cody Martin,SMALL FORWARD,25,CHARLOTTE HORNETS,52,10,849,83,188,16,58,25,43,52,109,86,37,12,40,52,207
martije02,Jeremiah Martin,POINT GUARD,24,CLEVELAND CAVALIERS,9,0,75,9,33,3,12,1,5,2,5,4,5,2,6,1,22
martike03,Kelan Martin,SMALL FORWARD,25,INDIANA PACERS,35,0,322,62,138,24,60,9,10,18,60,17,10,10,16,35,157
martike04,KJ Martin,SMALL FORWARD,20,HOUSTON ROCKETS,45,8,1068,162,318,35,96,60,84,73,169,48,30,41,38,89,419
masonfr01,Frank Mason III,POINT GUARD,26,ORLANDO MAGIC,4,1,79,9,24,2,5,5,7,3,9,12,0,0,5,7,25
mathega01,Garrison Mathews,SHOOTING GUARD,24,WASHINGTON WIZARDS,64,24,1038,97,237,76,198,84,95,16,71,26,29,7,10,106,354
mathida01,Dakota Mathias,SHOOTING GUARD,25,PHILADELPHIA 76ERS,8,2,123,19,48,8,26,2,6,1,6,13,1,3,1,7,48
matthwe02,Wesley Matthews,SHOOTING GUARD,34,LOS ANGELES LAKERS,58,10,1130,89,252,66,197,35,41,20,73,54,38,17,26,80,279
maxeyty01,Tyrese Maxey,SHOOTING GUARD,20,PHILADELPHIA 76ERS,61,8,935,198,429,31,103,61,70,11,93,120,26,13,41,79,488
mayssk01,Skylar Mays,SHOOTING GUARD,23,ATLANTA HAWKS,33,0,269,44,98,14,40,22,25,10,25,30,14,2,9,15,124
mccawpa01,Patrick McCaw,SMALL FORWARD,25,TORONTO RAPTORS,5,0,33,1,1,0,0,3,3,1,2,4,2,0,0,6,5
mccolcj01,CJ McCollum,SHOOTING GUARD,29,PORTLAND TRAIL BLAZERS,47,47,1600,405,884,169,420,108,133,30,155,223,44,21,65,87,1087
mccontj01,T.J. McConnell,POINT GUARD,28,INDIANA PACERS,69,3,1796,274,490,15,48,33,48,55,201,456,128,23,135,113,596
mcdanja02,Jaden McDaniels,POWER FORWARD,20,MINNESOTA TIMBERWOLVES,63,27,1511,164,367,72,198,27,45,52,180,71,35,60,47,172,427
mcdanja01,Jalen McDaniels,SMALL FORWARD,23,CHARLOTTE HORNETS,47,18,904,133,284,35,105,45,64,45,124,53,28,19,45,95,346
mcderdo01,Doug McDermott,POWER FORWARD,29,INDIANA PACERS,66,29,1619,354,665,111,286,80,98,60,161,85,20,6,53,117,899
mcderse01,Sean McDermott,SMALL FORWARD,24,MEMPHIS GRIZZLIES,18,0,158,13,33,5,22,8,8,6,13,4,2,3,4,8,39
mcgeeja01,JaVale McGee,CENTER,33,CLEVELAND CAVALIERS,33,1,503,112,215,5,20,36,55,54,116,33,16,40,45,80,265
mcgeeja01,JaVale McGee,CENTER,33,DENVER NUGGETS,13,1,175,32,67,0,4,8,12,23,46,6,3,14,15,41,72
mcgruro01,Rodney McGruder,SHOOTING GUARD,29,DETROIT PISTONS,16,2,194,37,70,11,24,6,8,8,14,16,8,1,7,12,91
mckinal01,Alfonzo McKinnie,SMALL FORWARD,28,LOS ANGELES LAKERS,39,0,258,48,93,16,39,10,18,22,32,6,7,0,5,26,122
mclaujo01,Jordan McLaughlin,POINT GUARD,24,MINNESOTA TIMBERWOLVES,51,2,938,100,242,33,92,23,30,21,87,193,51,6,51,44,256
mclembe01,Ben McLemore,SHOOTING GUARD,27,HOUSTON ROCKETS,32,4,537,80,224,55,166,23,32,11,55,28,20,3,28,51,238
mclembe01,Ben McLemore,SHOOTING GUARD,27,LOS ANGELES LAKERS,21,1,368,55,141,42,114,16,21,4,30,11,3,6,14,37,168
mellini01,Nicolò Melli,POWER FORWARD,30,NEW ORLEANS PELICANS,22,0,241,15,59,7,37,6,7,12,45,25,9,1,7,28,43
mellini01,Nicolò Melli,POWER FORWARD,30,DALLAS MAVERICKS,23,4,325,31,82,16,48,13,18,17,48,19,5,2,5,30,91
meltode01,De'Anthony Melton,POINT GUARD,22,MEMPHIS GRIZZLIES,52,1,1045,172,393,87,211,41,51,30,131,132,60,31,66,85,472
merrisa01,Sam Merrill,SHOOTING GUARD,24,MILWAUKEE BUCKS,30,2,233,32,72,21,47,4,4,6,24,21,8,1,10,17,89
metuch01,Chimezie Metu,CENTER,23,SACRAMENTO KINGS,36,6,488,91,179,13,37,31,43,31,81,28,14,18,29,59,226
middlkh01,Khris Middleton,SMALL FORWARD,29,MILWAUKEE BUCKS,68,68,2269,511,1074,151,365,212,236,54,352,370,74,9,178,160,1385
milleda01,Darius Miller,SMALL FORWARD,30,OKLAHOMA CITY THUNDER,18,0,197,22,48,17,42,12,12,2,22,21,13,5,8,13,73
millspa02,Patty Mills,POINT GUARD,32,SAN ANTONIO SPURS,68,1,1685,252,611,161,429,71,78,18,98,162,42,3,66,81,736
millspa01,Paul Millsap,POWER FORWARD,35,DENVER NUGGETS,56,36,1162,191,401,49,143,71,98,76,186,98,51,36,51,111,502
miltosh01,Shake Milton,SHOOTING GUARD,24,PHILADELPHIA 76ERS,63,4,1461,300,667,71,203,146,176,33,115,193,39,18,103,130,817
mitchdo01,Donovan Mitchell,POINT GUARD,24,UTAH JAZZ,53,53,1771,478,1091,178,461,267,316,50,185,277,52,15,147,117,1401
mokokad01,Adam Mokoka,SHOOTING GUARD,22,CHICAGO BULLS,14,0,56,7,19,1,10,0,1,1,4,5,2,1,5,5,15
monkma01,Malik Monk,SHOOTING GUARD,22,CHARLOTTE HORNETS,42,0,878,173,399,85,212,59,72,14,87,87,19,4,55,47,490
mooreet01,E'Twaun Moore,SHOOTING GUARD,31,PHOENIX SUNS,27,1,389,55,121,11,35,12,14,14,31,40,15,5,23,32,133
moranja01,Ja Morant,POINT GUARD,21,MEMPHIS GRIZZLIES,63,63,2053,430,957,73,241,271,372,59,193,465,57,13,203,87,1204
morgaju01,Juwan Morgan,POWER FORWARD,23,UTAH JAZZ,29,0,147,14,30,4,13,3,7,9,19,9,4,1,4,21,35
morrima03,Marcus Morris,POWER FORWARD,31,LOS ANGELES CLIPPERS,57,29,1502,276,584,140,296,73,89,35,199,58,34,15,57,117,765
morrima02,Markieff Morris,POWER FORWARD,31,LOS ANGELES LAKERS,61,27,1200,153,378,65,209,36,50,48,218,73,22,19,54,105,407
morrimo01,Monte Morris,POINT GUARD,25,DENVER NUGGETS,47,13,1196,186,387,51,134,58,73,11,85,150,34,13,34,48,481
muldemy01,Mychal Mulder,POINT GUARD,26,GOLDEN STATE WARRIORS,60,6,766,119,265,85,214,14,22,8,52,26,12,12,16,56,337
murrade01,Dejounte Murray,POINT GUARD,24,SAN ANTONIO SPURS,67,67,2139,441,974,63,199,106,134,58,415,363,101,7,117,135,1051
murraja01,Jamal Murray,POINT GUARD,23,DENVER NUGGETS,48,48,1704,378,792,129,316,133,153,37,157,231,64,13,108,95,1018
muscami01,Mike Muscala,CENTER,29,OKLAHOMA CITY THUNDER,35,0,645,119,267,68,184,33,36,19,113,28,8,11,21,54,339
mykhasv01,Svi Mykhailiuk,SMALL FORWARD,23,DETROIT PISTONS,36,5,634,84,223,57,171,24,30,11,63,57,27,6,39,33,249
mykhasv01,Svi Mykhailiuk,SMALL FORWARD,23,OKLAHOMA CITY THUNDER,30,9,690,124,283,48,143,14,20,13,76,53,24,6,49,30,310
naderab01,Abdel Nader,SMALL FORWARD,27,PHOENIX SUNS,24,0,355,57,116,18,43,28,37,7,55,19,10,9,19,34,160
nancela02,Larry Nance Jr.,POWER FORWARD,28,CLEVELAND CAVALIERS,35,27,1091,128,272,41,114,30,49,54,181,107,61,17,55,72,327
nesmiaa01,Aaron Nesmith,SMALL FORWARD,21,BOSTON CELTICS,46,1,669,78,178,40,108,22,28,28,99,23,15,9,23,87,218
netora01,Raul Neto,POINT GUARD,28,WASHINGTON WIZARDS,64,22,1403,209,447,64,164,75,85,28,128,146,73,6,53,109,557
niangge01,Georges Niang,POWER FORWARD,27,UTAH JAZZ,72,10,1154,177,405,124,292,22,23,28,148,59,25,8,51,116,500
nnajize01,Zeke Nnaji,POWER FORWARD,20,DENVER NUGGETS,42,1,397,50,104,24,59,12,15,14,51,10,8,4,7,29,136
noelne01,Nerlens Noel,CENTER,26,NEW YORK KNICKS,64,41,1547,137,223,0,3,50,70,142,266,46,70,141,65,176,324
nowelja01,Jaylen Nowell,SHOOTING GUARD,21,MINNESOTA TIMBERWOLVES,42,0,759,142,335,50,150,45,55,19,76,62,22,12,28,72,379
ntilila01,Frank Ntilikina,POINT GUARD,22,NEW YORK KNICKS,33,4,322,29,79,23,48,8,18,6,25,19,18,4,11,45,89
nunnke01,Kendrick Nunn,POINT GUARD,25,MIAMI HEAT,56,44,1650,319,658,122,320,56,60,21,158,148,52,14,80,108,816
nunnaja01,James Nunnally,SMALL FORWARD,30,NEW ORLEANS PELICANS,9,0,48,5,13,4,12,1,2,2,7,3,0,0,2,1,15
nurkiju01,Jusuf Nurkić,CENTER,26,PORTLAND TRAIL BLAZERS,37,37,880,171,333,12,30,70,113,86,246,125,38,39,73,103,424
nwabada01,David Nwaba,SMALL FORWARD,28,HOUSTON ROCKETS,30,9,679,106,218,17,63,47,68,40,78,31,30,21,17,60,276
nworajo01,Jordan Nwora,SMALL FORWARD,22,MILWAUKEE BUCKS,30,2,274,62,135,28,62,19,25,9,51,7,16,7,24,22,171
onealro01,Royce O'Neale,SMALL FORWARD,27,UTAH JAZZ,71,71,2241,175,394,107,278,39,46,88,397,181,57,32,83,182,496
ojelese01,Semi Ojeleye,POWER FORWARD,26,BOSTON CELTICS,56,15,950,89,221,58,158,24,32,31,116,37,17,0,21,56,260
okafoja01,Jahlil Okafor,CENTER,25,DETROIT PISTONS,27,2,347,63,102,2,9,17,24,23,43,13,6,5,21,39,145
okekech01,Chuma Okeke,POWER FORWARD,22,ORLANDO MAGIC,45,19,1133,135,324,49,141,30,40,42,139,101,48,22,38,48,349
okogijo01,Josh Okogie,SHOOTING GUARD,22,MINNESOTA TIMBERWOLVES,59,37,1197,102,254,29,108,83,108,63,93,63,54,28,43,123,316
okongon01,Onyeka Okongwu,CENTER,20,ATLANTA HAWKS,50,4,601,96,149,0,3,36,57,62,101,18,23,33,29,100,228
okorois01,Isaac Okoro,SHOOTING GUARD,20,CLEVELAND CAVALIERS,67,67,2173,235,559,62,214,114,157,68,138,128,62,24,86,185,646
okpalkz01,KZ Okpala,POWER FORWARD,21,MIAMI HEAT,37,9,447,36,96,12,50,8,15,21,47,19,10,11,15,59,92
oladivi01,Victor Oladipo,SHOOTING GUARD,28,INDIANA PACERS,9,9,300,64,152,25,69,27,37,1,50,38,15,2,18,23,180
oladivi01,Victor Oladipo,SHOOTING GUARD,28,HOUSTON ROCKETS,20,20,669,155,381,49,153,65,83,8,87,99,24,10,51,45,424
oladivi01,Victor Oladipo,SHOOTING GUARD,28,MIAMI HEAT,4,4,111,16,43,4,17,12,18,3,11,14,7,2,14,13,48
oliveca01,Cameron Oliver,SMALL FORWARD,24,HOUSTON ROCKETS,4,0,87,19,33,4,13,1,4,5,16,5,2,4,3,11,43
olynyke01,Kelly Olynyk,CENTER,29,MIAMI HEAT,43,38,1157,162,376,77,243,31,40,44,217,91,40,26,55,123,432
olynyke01,Kelly Olynyk,POWER FORWARD,29,HOUSTON ROCKETS,27,24,840,175,321,49,125,114,135,43,185,112,39,16,71,84,513
onimi01,Miye Oni,SHOOTING GUARD,23,UTAH JAZZ,54,0,519,35,99,30,88,5,6,23,61,28,11,8,16,61,105
osmande01,Cedi Osman,SMALL FORWARD,25,CLEVELAND CAVALIERS,59,26,1510,219,586,99,324,76,95,38,163,174,53,9,80,119,613
oturuda01,Daniel Oturu,CENTER,21,LOS ANGELES CLIPPERS,30,0,161,22,52,1,5,9,12,21,27,10,4,7,9,24,54
oubreke01,Kelly Oubre Jr.,SMALL FORWARD,25,GOLDEN STATE WARRIORS,55,50,1687,318,724,90,285,123,177,82,247,73,57,42,70,121,849
parkeja01,Jabari Parker,POWER FORWARD,25,SACRAMENTO KINGS,3,0,27,4,7,0,1,0,0,1,5,1,0,1,3,4,8
parkeja01,Jabari Parker,POWER FORWARD,25,BOSTON CELTICS,10,0,138,26,48,2,10,10,13,9,27,10,1,4,7,9,64
pascher01,Eric Paschall,POWER FORWARD,24,GOLDEN STATE WARRIORS,40,2,695,148,298,18,54,67,94,28,100,51,12,7,43,68,381
pasecan01,Anžejs Pasečņiks,CENTER,25,WASHINGTON WIZARDS,1,0,6,0,1,0,1,0,0,1,0,1,0,0,5,2,0
pattepa01,Patrick Patterson,POWER FORWARD,31,LOS ANGELES CLIPPERS,38,5,582,72,165,40,112,13,17,19,56,29,14,8,11,45,197
pattoju01,Justin Patton,CENTER,23,HOUSTON ROCKETS,13,6,247,29,70,9,34,3,4,14,35,14,12,14,4,34,70
paulch01,Chris Paul,POINT GUARD,35,PHOENIX SUNS,70,70,2199,439,879,102,258,169,181,25,287,622,99,19,156,166,1149
payneca01,Cameron Payne,POINT GUARD,26,PHOENIX SUNS,60,1,1079,191,395,73,166,50,56,16,128,217,36,16,60,97,505
paytoel01,Elfrid Payton,POINT GUARD,26,NEW YORK KNICKS,63,63,1484,269,622,28,98,73,107,64,152,203,47,9,103,116,639
paytoga02,Gary Payton II,POINT GUARD,28,GOLDEN STATE WARRIORS,10,0,40,10,13,2,4,3,4,2,9,1,6,1,1,8,25
pelleno01,Norvel Pelle,CENTER,27,BROOKLYN NETS,3,0,28,3,7,0,0,0,0,3,4,0,0,3,3,9,6
pelleno01,Norvel Pelle,CENTER,27,SACRAMENTO KINGS,1,0,4,0,1,0,0,3,4,1,0,1,0,0,0,1,3
pelleno01,Norvel Pelle,CENTER,27,NEW YORK KNICKS,9,0,52,5,7,0,0,1,2,2,9,1,1,6,0,4,11
perryre01,Reggie Perry,POWER FORWARD,20,BROOKLYN NETS,26,0,211,32,78,4,21,10,13,27,46,14,6,6,15,40,78
pinsoth01,Theo Pinson,SHOOTING GUARD,25,NEW YORK KNICKS,17,0,34,1,9,0,8,0,0,0,5,1,0,0,1,4,2
plumlma01,Mason Plumlee,CENTER,30,DETROIT PISTONS,56,56,1499,234,381,0,7,113,169,145,374,202,43,50,105,186,581
poeltja01,Jakob Poeltl,CENTER,25,SAN ANTONIO SPURS,69,51,1845,265,430,0,0,63,124,219,328,134,47,123,83,172,593
poirivi01,Vincent Poirier,CENTER,27,PHILADELPHIA 76ERS,10,0,39,3,12,0,1,2,6,6,8,2,0,3,4,8,8
pokusal01,Aleksej Pokusevski,POWER FORWARD,19,OKLAHOMA CITY THUNDER,45,28,1090,139,408,58,207,31,42,30,182,97,20,42,99,58,367
poolejo01,Jordan Poole,SHOOTING GUARD,21,GOLDEN STATE WARRIORS,51,7,988,205,474,97,276,105,119,15,77,99,26,9,51,86,612
portejo01,Jontay Porter,POWER FORWARD,21,MEMPHIS GRIZZLIES,11,0,54,8,15,3,8,3,5,4,10,1,3,1,7,12,22
porteke02,Kevin Porter Jr.,SHOOTING GUARD,20,HOUSTON ROCKETS,26,23,835,156,367,50,161,69,94,20,79,164,19,8,91,61,431
portemi01,Michael Porter Jr.,SMALL FORWARD,22,DENVER NUGGETS,61,54,1912,443,817,170,382,106,134,91,354,70,40,54,77,126,1162
porteot01,Otto Porter Jr.,SMALL FORWARD,27,CHICAGO BULLS,25,6,540,89,202,38,95,31,37,28,110,50,12,4,25,37,247
porteot01,Otto Porter Jr.,POWER FORWARD,27,ORLANDO MAGIC,3,0,66,9,25,1,9,5,5,0,14,5,4,0,0,4,24
portibo01,Bobby Portis,CENTER,25,MILWAUKEE BUCKS,66,7,1372,313,598,74,157,54,73,124,342,71,52,26,56,115,754
porzikr01,Kristaps Porziņģis,CENTER,25,DALLAS MAVERICKS,43,43,1327,325,683,97,258,118,138,82,299,68,20,58,51,115,865
poweldw01,Dwight Powell,CENTER,29,DALLAS MAVERICKS,58,19,966,120,194,5,21,97,124,80,154,63,36,30,40,135,342
powelno01,Norman Powell,SHOOTING GUARD,27,TORONTO RAPTORS,42,31,1277,282,566,118,269,141,163,19,107,77,47,8,77,98,823
powelno01,Norman Powell,SMALL FORWARD,27,PORTLAND TRAIL BLAZERS,27,27,928,156,352,53,147,95,108,23,66,52,35,10,42,62,460
princta02,Taurean Prince,POWER FORWARD,26,BROOKLYN NETS,12,4,218,30,74,13,37,24,27,2,32,7,8,8,11,21,97
princta02,Taurean Prince,POWER FORWARD,26,CLEVELAND CAVALIERS,29,6,687,101,253,49,118,41,49,17,91,69,20,15,36,54,292
pritcpa01,Payton Pritchard,SHOOTING GUARD,23,BOSTON CELTICS,66,4,1268,184,418,102,248,40,45,33,125,120,37,9,53,104,510
quickim01,Immanuel Quickley,POINT GUARD,21,NEW YORK KNICKS,64,3,1243,229,580,118,303,155,174,25,112,127,30,12,58,114,731
ramseja01,Jahmi'us Ramsey,SHOOTING GUARD,19,SACRAMENTO KINGS,13,0,94,15,38,5,19,5,5,2,8,6,4,1,3,8,40
randlch01,Chasson Randle,POINT GUARD,27,ORLANDO MAGIC,41,5,837,92,237,44,130,38,48,7,75,74,22,5,46,64,266
randlju01,Julius Randle,POWER FORWARD,26,NEW YORK KNICKS,71,71,2667,602,1321,160,389,348,429,84,639,427,64,18,241,225,1712
reddica01,Cam Reddish,SMALL FORWARD,21,ATLANTA HAWKS,26,21,750,96,263,33,126,67,82,22,82,35,33,9,34,68,292
redicjj01,JJ Redick,SHOOTING GUARD,36,NEW ORLEANS PELICANS,31,0,576,87,214,51,140,45,47,3,49,40,9,2,25,37,270
redicjj01,JJ Redick,SHOOTING GUARD,36,DALLAS MAVERICKS,13,0,147,19,53,15,38,4,5,1,11,11,2,1,11,13,57
reedpa01,Paul Reed,POWER FORWARD,21,PHILADELPHIA 76ERS,26,0,177,42,78,0,6,4,8,30,31,12,10,13,12,29,88
reidna01,Naz Reid,CENTER,21,MINNESOTA TIMBERWOLVES,70,15,1347,304,581,61,174,115,166,82,240,72,34,76,69,179,784
reynoca01,Cameron Reynolds,SMALL FORWARD,25,SAN ANTONIO SPURS,3,0,6,1,2,0,0,0,0,0,0,0,0,0,0,0,2
reynoca01,Cameron Reynolds,SMALL FORWARD,25,HOUSTON ROCKETS,2,0,34,5,16,3,12,0,0,2,3,2,0,0,0,2,13
richani01,Nick Richards,POWER FORWARD,23,CHARLOTTE HORNETS,18,0,63,4,9,0,1,7,11,4,7,2,0,0,3,7,15
richajo01,Josh Richardson,SHOOTING GUARD,27,DALLAS MAVERICKS,59,56,1790,264,618,88,267,99,108,51,144,153,61,24,79,130,715
rillegr01,Grant Riller,POINT GUARD,23,CHARLOTTE HORNETS,7,0,27,8,12,2,4,0,0,0,1,3,1,0,1,0,18
riverau01,Austin Rivers,SHOOTING GUARD,28,NEW YORK KNICKS,21,2,442,58,135,28,77,10,14,5,42,42,12,0,22,32,154
riverau01,Austin Rivers,SHOOTING GUARD,28,DENVER NUGGETS,15,5,403,46,110,27,72,12,17,3,32,39,18,2,14,32,131
roberan03,Andre Roberson,SHOOTING GUARD,29,BROOKLYN NETS,5,0,63,2,14,1,8,1,2,7,8,4,3,1,2,4,6
robindu01,Duncan Robinson,SMALL FORWARD,26,MIAMI HEAT,72,72,2262,315,717,250,613,62,75,7,243,127,43,20,81,181,942
robingl02,Glenn Robinson III,SMALL FORWARD,27,SACRAMENTO KINGS,23,2,369,42,99,16,44,21,23,11,34,20,4,3,11,23,121
robinje01,Jerome Robinson,SHOOTING GUARD,23,WASHINGTON WIZARDS,17,6,305,28,95,11,42,16,20,4,34,25,12,6,19,31,83
robinju01,Justin Robinson,POINT GUARD,23,OKLAHOMA CITY THUNDER,9,0,88,7,21,4,14,3,5,1,6,9,3,0,2,10,21
robinmi01,Mitchell Robinson,CENTER,22,NEW YORK KNICKS,31,29,853,115,176,0,0,26,53,113,139,17,35,45,26,86,256
robyis01,Isaiah Roby,POWER FORWARD,22,OKLAHOMA CITY THUNDER,61,34,1425,207,429,32,109,87,117,89,252,107,52,37,113,162,533
rondora01,Rajon Rondo,POINT GUARD,34,ATLANTA HAWKS,27,2,402,44,110,17,45,1,2,4,51,95,19,2,39,25,106
rondora01,Rajon Rondo,POINT GUARD,34,LOS ANGELES CLIPPERS,18,1,368,51,105,19,44,15,15,14,41,104,18,2,40,28,136
rosede01,Derrick Rose,POINT GUARD,32,DETROIT PISTONS,15,0,342,79,184,13,39,42,50,6,23,63,18,4,29,17,213
rosede01,Derrick Rose,POINT GUARD,32,NEW YORK KNICKS,35,3,937,208,427,37,90,68,77,14,87,146,31,15,49,39,521
rosste01,Terrence Ross,SHOOTING GUARD,29,ORLANDO MAGIC,46,2,1347,254,616,89,264,120,138,15,143,108,47,21,74,88,717
roziete01,Terry Rozier,SHOOTING GUARD,26,CHARLOTTE HORNETS,69,69,2383,510,1134,222,571,165,202,47,255,293,87,26,128,119,1407
rubiori01,Ricky Rubio,POINT GUARD,30,MINNESOTA TIMBERWOLVES,68,51,1772,193,498,66,214,130,150,28,195,433,98,4,111,139,582
russeda01,D'Angelo Russell,POINT GUARD,24,MINNESOTA TIMBERWOLVES,42,26,1196,281,652,120,310,114,149,16,95,244,45,18,112,68,796
sabondo01,Domantas Sabonis,POWER FORWARD,24,INDIANA PACERS,62,62,2231,484,904,52,162,240,328,150,592,415,76,33,213,203,1260
samanlu01,Luka Šamanić,POWER FORWARD,21,SAN ANTONIO SPURS,33,4,308,47,105,12,43,16,29,16,52,15,8,8,20,43,122
sampsja02,JaKarr Sampson,POWER FORWARD,27,INDIANA PACERS,29,4,316,56,113,3,15,19,29,27,50,4,2,14,15,52,134
saricda01,Dario Šarić,CENTER,26,PHOENIX SUNS,50,4,871,153,342,47,135,84,99,46,144,65,30,4,57,95,437
satorto01,Tomáš Satoranský,SHOOTING GUARD,29,CHICAGO BULLS,58,18,1307,169,329,42,118,67,79,30,112,271,40,14,96,89,447
schrode01,Dennis Schröder,SHOOTING GUARD,27,LOS ANGELES LAKERS,61,61,1956,332,760,71,212,206,243,30,181,351,70,13,163,159,941
scottmi01,Mike Scott,POWER FORWARD,32,PHILADELPHIA 76ERS,51,12,852,76,211,53,155,8,12,11,109,40,24,14,19,72,213
scrubja01,Jay Scrubb,SHOOTING GUARD,20,LOS ANGELES CLIPPERS,4,1,84,14,36,2,9,5,5,2,12,1,4,0,7,5,35
sextoco01,Collin Sexton,SHOOTING GUARD,22,CLEVELAND CAVALIERS,60,60,2115,525,1105,98,264,312,383,58,129,262,62,10,167,157,1460
shamela01,Landry Shamet,SHOOTING GUARD,23,BROOKLYN NETS,61,12,1403,186,456,129,333,66,78,11,101,99,31,10,48,93,567
shumpim01,Iman Shumpert,SHOOTING GUARD,30,BROOKLYN NETS,2,0,11,1,4,0,3,0,0,1,0,0,1,0,1,0,2
siakapa01,Pascal Siakam,POWER FORWARD,26,TORONTO RAPTORS,56,56,2006,437,961,73,246,249,301,95,310,250,64,37,130,174,1196
silvach01,Chris Silva,POWER FORWARD,24,MIAMI HEAT,11,0,83,9,13,1,1,11,15,7,18,6,1,5,9,20,30
silvach01,Chris Silva,POWER FORWARD,24,SACRAMENTO KINGS,4,0,9,1,3,0,0,0,0,0,2,0,0,1,1,4,2
simmobe01,Ben Simmons,POINT GUARD,24,PHILADELPHIA 76ERS,58,58,1877,325,583,3,10,176,287,93,324,401,93,35,173,171,829
simonan01,Anfernee Simons,SHOOTING GUARD,21,PORTLAND TRAIL BLAZERS,64,0,1104,168,401,120,282,46,57,14,126,89,18,8,43,96,502
sirvyde01,Deividas Sirvydis,SHOOTING GUARD,20,DETROIT PISTONS,20,0,133,14,40,10,28,3,6,0,29,5,2,0,5,9,41
smailal01,Alen Smailagić,POWER FORWARD,20,GOLDEN STATE WARRIORS,15,1,84,11,27,4,10,2,6,6,10,4,3,5,5,11,28
smartma01,Marcus Smart,POINT GUARD,26,BOSTON CELTICS,48,45,1581,203,510,93,282,128,162,36,131,273,72,23,96,126,627
smithde03,Dennis Smith Jr.,POINT GUARD,23,NEW YORK KNICKS,3,0,28,2,10,0,4,5,6,0,2,3,3,0,1,4,9
smithde03,Dennis Smith Jr.,POINT GUARD,23,DETROIT PISTONS,20,9,392,56,135,19,54,14,20,12,41,74,20,14,25,33,145
smithis01,Ish Smith,POINT GUARD,32,WASHINGTON WIZARDS,44,1,924,129,297,18,49,19,33,22,128,172,32,13,41,62,295
smithja04,Jalen Smith,POWER FORWARD,20,PHOENIX SUNS,27,1,156,22,50,4,17,5,7,7,30,4,1,5,7,16,53
snellto01,Tony Snell,SHOOTING GUARD,29,ATLANTA HAWKS,47,23,992,88,171,62,109,11,11,18,94,59,13,11,21,75,249
spaldra01,Ray Spalding,CENTER,23,HOUSTON ROCKETS,2,0,19,2,4,0,1,0,2,2,2,0,0,2,3,3,4
stanlca01,Cassius Stanley,SHOOTING GUARD,21,INDIANA PACERS,24,0,93,13,43,3,13,7,9,8,12,1,1,2,1,14,36
stevela01,Lamar Stevens,POWER FORWARD,23,CLEVELAND CAVALIERS,40,0,499,62,136,4,25,37,51,24,72,25,17,13,23,53,165
stewais01,Isaiah Stewart,CENTER,19,DETROIT PISTONS,68,14,1455,226,409,21,63,64,92,159,294,59,39,86,67,184,537
strusma01,Max Strus,SMALL FORWARD,24,MIAMI HEAT,39,0,507,85,187,50,148,16,24,5,36,24,11,2,8,43,236
sumneed01,Edmond Sumner,SHOOTING GUARD,25,INDIANA PACERS,53,24,861,148,282,35,88,68,83,18,76,49,33,10,51,88,399
tateja01,Jae'Sean Tate,SMALL FORWARD,25,HOUSTON ROCKETS,70,58,2043,316,625,60,195,102,147,132,242,178,85,36,98,222,794
tatumja01,Jayson Tatum,SMALL FORWARD,22,BOSTON CELTICS,64,64,2290,605,1318,187,485,295,340,50,422,276,75,31,171,122,1692
teaguje01,Jeff Teague,POINT GUARD,32,BOSTON CELTICS,34,5,616,78,188,26,56,51,61,10,47,73,26,7,39,43,233
teaguje01,Jeff Teague,POINT GUARD,32,MILWAUKEE BUCKS,21,2,334,45,96,10,26,38,44,5,26,59,8,5,25,13,138
templga01,Garrett Temple,SHOOTING GUARD,34,CHICAGO BULLS,56,25,1528,158,381,67,200,40,50,29,131,124,43,30,58,126,423
terryty01,Tyrell Terry,POINT GUARD,20,DALLAS MAVERICKS,11,0,56,5,16,0,7,1,3,0,6,6,5,0,2,2,11
theisda01,Daniel Theis,CENTER,28,BOSTON CELTICS,42,37,1027,159,288,33,95,46,67,54,166,67,25,43,41,120,397
theisda01,Daniel Theis,CENTER,28,CHICAGO BULLS,23,14,574,93,178,16,57,28,43,39,97,41,16,14,25,47,230
thomabr01,Brodric Thomas,SHOOTING GUARD,24,HOUSTON ROCKETS,4,0,24,2,7,1,6,5,7,1,3,4,1,1,4,5,10
thomabr01,Brodric Thomas,SHOOTING GUARD,24,CLEVELAND CAVALIERS,28,1,375,37,101,15,53,26,39,7,42,26,14,9,18,35,115
thomais02,Isaiah Thomas,POINT GUARD,31,NEW ORLEANS PELICANS,3,0,48,9,27,3,12,2,2,1,3,5,1,0,6,3,23
thomakh01,Khyri Thomas,SHOOTING GUARD,24,HOUSTON ROCKETS,5,2,153,32,66,9,27,9,9,7,11,25,9,6,6,8,82
thomama02,Matt Thomas,SHOOTING GUARD,26,TORONTO RAPTORS,26,0,192,24,62,17,41,6,7,3,18,9,2,0,6,10,71
thomama02,Matt Thomas,SHOOTING GUARD,26,UTAH JAZZ,19,0,134,26,65,10,39,6,7,4,19,10,2,0,8,8,68
thomptr01,Tristan Thompson,CENTER,29,BOSTON CELTICS,54,43,1287,169,326,0,3,71,120,169,270,67,24,33,62,119,409
thornsi01,Sindarius Thornwell,SHOOTING GUARD,26,NEW ORLEANS PELICANS,14,1,73,7,21,3,9,0,2,1,4,4,5,1,4,3,17
thornsi01,Sindarius Thornwell,SHOOTING GUARD,26,ORLANDO MAGIC,7,0,144,8,25,4,14,4,6,2,11,17,8,1,3,12,24
thybuma01,Matisse Thybulle,SHOOTING GUARD,23,PHILADELPHIA 76ERS,65,8,1298,102,243,43,143,8,18,30,94,63,105,71,32,127,255
tilliki02,Killian Tillie,CENTER,22,MEMPHIS GRIZZLIES,18,1,182,19,57,10,33,9,11,6,18,8,5,8,2,20,57
tillmxa01,Xavier Tillman Sr.,POWER FORWARD,22,MEMPHIS GRIZZLIES,59,12,1085,167,299,22,65,34,53,74,182,75,44,33,45,116,390
tollian01,Anthony Tolliver,POWER FORWARD,35,PHILADELPHIA 76ERS,11,0,99,4,17,4,14,5,6,3,7,2,3,2,3,7,17
toppiob01,Obi Toppin,POWER FORWARD,22,NEW YORK KNICKS,62,0,683,104,209,26,85,19,26,26,112,29,17,15,23,55,253
toscaju01,Juan Toscano-Anderson,SHOOTING GUARD,27,GOLDEN STATE WARRIORS,53,16,1107,121,209,37,92,22,31,29,205,150,41,26,61,111,301
toupaax01,Axel Toupane,SMALL FORWARD,28,MILWAUKEE BUCKS,8,1,61,4,11,1,2,5,7,0,6,4,2,3,0,6,14
townska01,Karl-Anthony Towns,CENTER,25,MINNESOTA TIMBERWOLVES,50,50,1689,425,875,122,315,267,311,133,396,225,39,57,160,186,1239
trentga02,Gary Trent Jr.,SHOOTING GUARD,22,PORTLAND TRAIL BLAZERS,41,23,1262,217,524,121,305,58,75,21,70,58,37,6,31,63,613
trentga02,Gary Trent Jr.,SHOOTING GUARD,22,TORONTO RAPTORS,17,15,540,103,261,44,124,25,31,6,55,22,19,4,12,29,275
tuckepj01,P.J. Tucker,POWER FORWARD,35,HOUSTON ROCKETS,32,32,959,48,131,27,86,18,23,33,115,45,29,18,33,91,141
tuckepj01,P.J. Tucker,POWER FORWARD,35,MILWAUKEE BUCKS,20,1,397,18,46,13,33,3,5,18,38,16,10,2,7,34,52
tuckera01,Rayjon Tucker,POINT GUARD,23,PHILADELPHIA 76ERS,14,0,68,9,18,2,7,14,19,1,10,6,2,0,4,8,34
turnemy01,Myles Turner,CENTER,24,INDIANA PACERS,47,47,1455,206,432,69,206,111,142,63,243,48,40,159,67,165,592
valanjo01,Jonas Valančiūnas,CENTER,28,MEMPHIS GRIZZLIES,62,61,1755,440,743,21,57,157,203,253,523,112,35,57,100,179,1058
valende01,Denzel Valentine,SHOOTING GUARD,27,CHICAGO BULLS,62,3,1036,155,416,80,242,16,17,24,173,105,30,7,42,70,406
vandeja01,Jarred Vanderbilt,POWER FORWARD,21,MINNESOTA TIMBERWOLVES,64,30,1139,143,236,1,5,57,102,118,250,76,64,46,53,123,344
vanvlfr01,Fred VanVleet,SHOOTING GUARD,26,TORONTO RAPTORS,52,52,1899,338,870,174,476,169,191,32,188,328,87,37,95,119,1019
varejan01,Anderson Varejão,CENTER,38,CLEVELAND CAVALIERS,5,0,36,4,16,0,1,5,9,7,13,3,0,2,1,3,13
vassede01,Devin Vassell,SMALL FORWARD,20,SAN ANTONIO SPURS,62,7,1056,123,303,52,150,43,51,24,150,56,43,18,22,88,341
vincega01,Gabe Vincent,POINT GUARD,24,MIAMI HEAT,50,7,655,88,233,46,149,20,23,10,46,67,21,2,34,79,242
vonleno01,Noah Vonleh,CENTER,25,BROOKLYN NETS,4,0,11,0,3,0,2,0,0,0,1,1,0,0,2,2,0
vucevni01,Nikola Vučević,CENTER,30,ORLANDO MAGIC,44,44,1500,436,908,117,288,91,110,87,430,167,42,28,83,79,1080
vucevni01,Nikola Vučević,CENTER,30,CHICAGO BULLS,26,26,848,230,488,59,152,40,46,59,241,102,23,20,43,58,559
wadede01,Dean Wade,POWER FORWARD,24,CLEVELAND CAVALIERS,63,19,1212,134,311,78,213,30,39,38,177,74,35,21,30,78,376
wagnemo01,Moritz Wagner,CENTER,23,WASHINGTON WIZARDS,25,13,375,62,122,13,42,41,52,13,60,32,22,8,21,62,178
wagnemo01,Moritz Wagner,CENTER,23,BOSTON CELTICS,9,1,61,4,14,2,6,1,2,3,16,6,0,1,9,10,11
wagnemo01,Moritz Wagner,CENTER,23,ORLANDO MAGIC,11,10,286,38,93,16,43,29,33,11,43,12,4,9,13,36,121
walkeke02,Kemba Walker,POINT GUARD,30,BOSTON CELTICS,43,43,1369,284,676,127,353,134,149,16,154,212,48,12,88,61,829
walkelo01,Lonnie Walker IV,SHOOTING GUARD,22,SAN ANTONIO SPURS,60,38,1522,256,609,100,282,57,70,14,141,101,29,15,65,101,669
walljo01,John Wall,POINT GUARD,30,HOUSTON ROCKETS,40,40,1288,293,726,79,249,158,211,17,112,275,42,31,141,46,823
wanambr01,Brad Wanamaker,POINT GUARD,31,GOLDEN STATE WARRIORS,39,0,625,61,173,13,61,50,56,8,58,99,26,6,37,55,185
wanambr01,Brad Wanamaker,POINT GUARD,31,CHARLOTTE HORNETS,22,0,428,54,126,3,24,40,45,10,29,75,17,5,34,39,151
warretj01,T.J. Warren,SMALL FORWARD,27,INDIANA PACERS,4,4,117,27,51,0,7,8,10,2,12,5,2,0,4,16,62
washipj01,P.J. Washington,POWER FORWARD,22,CHARLOTTE HORNETS,64,61,1954,302,686,112,290,108,145,93,325,161,69,79,128,171,824
watanyu01,Yuta Watanabe,SMALL FORWARD,26,TORONTO RAPTORS,50,4,723,79,180,36,90,24,29,36,123,40,26,19,19,57,218
watertr01,Tremont Waters,POINT GUARD,23,BOSTON CELTICS,26,3,238,34,84,15,38,16,17,5,16,62,15,1,27,17,99
watsopa01,Paul Watson,SMALL FORWARD,26,TORONTO RAPTORS,27,2,297,38,82,30,64,5,8,4,41,17,6,3,9,36,111
weathqu01,Quinndary Weatherspoon,SHOOTING GUARD,24,SAN ANTONIO SPURS,20,0,121,16,35,1,6,13,16,3,8,8,8,2,10,18,46
westbru01,Russell Westbrook,POINT GUARD,32,WASHINGTON WIZARDS,65,65,2369,544,1238,86,273,271,413,109,641,763,89,23,312,190,1445
whiteco01,Coby White,POINT GUARD,20,CHICAGO BULLS,69,54,2156,375,902,163,454,128,142,28,256,328,38,15,156,179,1041
whitede01,Derrick White,SHOOTING GUARD,26,SAN ANTONIO SPURS,36,32,1064,186,453,84,243,97,114,13,94,127,26,36,45,91,553
whiteha01,Hassan Whiteside,CENTER,31,SACRAMENTO KINGS,36,4,546,126,224,0,1,41,79,61,154,20,9,46,40,73,293
whittgr01,Greg Whittington,POWER FORWARD,27,DENVER NUGGETS,4,0,12,0,3,0,2,0,0,0,0,0,0,0,0,0,0
wiggian01,Andrew Wiggins,POWER FORWARD,25,GOLDEN STATE WARRIORS,71,71,2364,505,1058,140,368,170,238,82,265,167,67,70,126,159,1320
willigr01,Grant Williams,POWER FORWARD,22,BOSTON CELTICS,63,9,1138,108,247,48,129,30,51,48,130,64,32,24,56,161,294
willike04,Kenrich Williams,POWER FORWARD,26,OKLAHOMA CITY THUNDER,66,13,1426,219,411,52,117,36,63,84,189,152,55,17,76,143,526
willilo02,Lou Williams,POINT GUARD,34,LOS ANGELES CLIPPERS,42,3,918,181,430,45,119,103,119,15,73,144,39,4,66,42,510
willilo02,Lou Williams,POINT GUARD,34,ATLANTA HAWKS,24,1,505,84,216,24,54,47,54,6,44,81,8,2,42,20,239
willipa01,Patrick Williams,POWER FORWARD,19,CHICAGO BULLS,71,71,1983,255,528,54,138,91,125,66,261,99,64,46,98,126,655
williro04,Robert Williams,CENTER,23,BOSTON CELTICS,52,13,985,186,258,0,2,45,73,133,225,94,43,91,52,105,417
willizi01,Zion Williamson,POWER FORWARD,20,NEW ORLEANS PELICANS,61,61,2026,634,1037,10,34,369,529,167,274,226,57,39,167,135,1647
wilsodj01,D.J. Wilson,POWER FORWARD,24,MILWAUKEE BUCKS,12,0,105,16,43,10,28,1,2,3,22,3,1,4,4,13,43
wilsodj01,D.J. Wilson,POWER FORWARD,24,HOUSTON ROCKETS,23,1,328,52,125,20,59,16,23,17,70,20,10,12,18,31,140
windldy01,Dylan Windler,SMALL FORWARD,24,CLEVELAND CAVALIERS,31,0,513,57,130,26,77,21,27,20,87,33,19,12,32,37,161
winslju01,Justise Winslow,SMALL FORWARD,24,MEMPHIS GRIZZLIES,26,1,507,74,210,10,54,20,35,18,100,50,15,12,37,47,178
winstca01,Cassius Winston,POINT GUARD,22,WASHINGTON WIZARDS,22,0,98,14,33,8,17,5,6,0,9,12,2,1,5,8,41
wisemja01,James Wiseman,CENTER,19,GOLDEN STATE WARRIORS,39,27,836,191,368,12,38,54,86,55,171,26,11,36,60,121,448
woodch01,Christian Wood,CENTER,25,HOUSTON ROCKETS,41,41,1326,329,640,77,206,125,198,76,319,71,34,48,80,88,860
woodaro01,Robert Woodard II,SMALL FORWARD,21,SACRAMENTO KINGS,13,0,45,8,20,1,6,3,8,4,12,2,0,3,1,4,20
wrighde01,Delon Wright,POINT GUARD,28,DETROIT PISTONS,36,31,1052,136,293,31,89,71,90,37,127,181,58,19,48,45,374
wrighde01,Delon Wright,POINT GUARD,28,SACRAMENTO KINGS,27,8,696,104,225,33,83,30,36,28,77,97,43,11,35,30,271
youngth01,Thaddeus Young,POWER FORWARD,32,CHICAGO BULLS,68,23,1652,370,662,12,45,71,113,168,255,291,74,40,137,152,823
youngtr01,Trae Young,POINT GUARD,22,ATLANTA HAWKS,63,63,2125,487,1112,136,397,484,546,38,207,594,53,12,261,111,1594
zelleco01,Cody Zeller,CENTER,28,CHARLOTTE HORNETS,48,21,1005,181,324,4,28,85,119,119,209,86,27,17,51,121,451
zubaciv01,Ivica Zubac,CENTER,23,LOS ANGELES CLIPPERS,72,33,1609,257,394,1,4,135,171,189,330,90,24,62,81,187,650
